time_s,PL_norm,QFLS_eV,tau_diff_s
1e-11,1,1.48975439667579,8.61194520300212e-08
1.04138789330504e-11,0.999990388305202,1.48975414869287,8.61849335553647e-08
1.08448874432232e-11,0.999980393808377,1.48975389083109,8.63028543543111e-08
1.12937344876285e-11,0.999969998756461,1.4897536226321,8.64126118336999e-08
1.17611583656179e-11,0.999959187569546,1.4897533436936,8.65204036021789e-08
1.22479279331978e-11,0.999947942588078,1.4897530535596,8.66055802532538e-08
1.27548438677049e-11,0.99993624139116,1.48975275165124,8.66769794699083e-08
1.3282739984824e-11,0.999924066679277,1.48975243752173,8.67552651962273e-08
1.38324846101145e-11,0.999911400048204,1.48975211069576,8.68281198945933e-08
1.44049820073016e-11,0.999898219239422,1.48975177059852,8.68901471227028e-08
1.50011738656809e-11,0.99988450240719,1.4897514166658,8.69537366489269e-08
1.56220408490841e-11,0.999870229230412,1.48975104837267,8.70164312444883e-08
1.6268604208953e-11,0.999855375368043,1.48975066509044,8.70743255429882e-08
1.69419274641751e-11,0.999839917302765,1.48975026621159,8.71554391753449e-08
1.76431181504442e-11,0.999823838759611,1.48974985131542,8.73225097360788e-08
1.8373329642023e-11,0.999807138822631,1.48974942037753,8.74413168776434e-08
1.91337630489055e-11,0.999789750597376,1.48974897167088,8.74546202012466e-08
1.99256691924976e-11,0.999771645840957,1.48974850446571,8.74684791636841e-08
2.07503506630683e-11,0.999752795162182,1.48974801800252,8.74829172111865e-08
2.16091639623535e-11,0.999733167975765,1.48974751149093,8.74979588348271e-08
2.25035217348387e-11,0.999712732454799,1.48974698410838,8.75136294677506e-08
2.34348950913879e-11,0.999691455481413,1.48974643499888,8.7648871399713e-08
2.44048160290451e-11,0.999669361516807,1.48974586479236,8.77868392852359e-08
2.54148799509844e-11,0.999646361494215,1.48974527118868,8.78089475283133e-08
2.64667482907563e-11,0.999622414089149,1.48974465311966,8.7823842072806e-08
2.75621512451456e-11,0.999597480475023,1.4897440095814,8.78393596787705e-08
2.87028906201371e-11,0.99957152025071,1.48974333952921,8.78943487524948e-08
2.98908427946697e-11,0.999544514782283,1.48974264248004,8.80189498862203e-08
3.11279618070533e-11,0.999516441990594,1.48974191786179,8.81029264953204e-08
3.24162825691271e-11,0.99948721323242,1.48974116338397,8.81185312371882e-08
3.37579242134442e-11,0.999456781163838,1.48974037782182,8.81347892722849e-08
3.51550935789901e-11,0.999425096523626,1.48973955990083,8.8183982052362e-08
3.66100888411661e-11,0.999392131711279,1.48973870890541,8.82606619505962e-08
3.81253032920124e-11,0.999357832078336,1.48973782342144,8.83286626901304e-08
3.97032292768848e-11,0.999322139664059,1.48973690194896,8.83928386356664e-08
4.13464622940621e-11,0.999284998730727,1.48973594304507,8.84589075211381e-08
4.30577052640297e-11,0.999246351366459,1.48973494521034,8.8526923022582e-08
4.48397729754573e-11,0.999206137405929,1.48973390688675,8.85969444662851e-08
4.66955967151881e-11,0.999164294349216,1.48973282645557,8.86690381647748e-08
4.86282290898516e-11,0.999120757278958,1.48973170223516,8.8743278887728e-08
5.06408490470355e-11,0.999075458776102,1.4897305324788,8.88117053747353e-08
5.27367671042712e-11,0.999028320461041,1.48972931515611,8.88760146577079e-08
5.49194307944356e-11,0.998979270389152,1.48972804840231,8.89478021809703e-08
5.71924303365294e-11,0.998928236801342,1.48972673035674,8.90256666612733e-08
5.95595045411537e-11,0.998875140960613,1.48972535897785,8.91059270520887e-08
6.20245469604044e-11,0.998819901112595,1.48972393214538,8.9188663089382e-08
6.45916122922952e-11,0.998762432381316,1.48972244765761,8.92739632764201e-08
6.72649230502494e-11,0.998702646663458,1.48972090322859,8.93506630094317e-08
7.00488765086253e-11,0.998640437145641,1.48971929608801,8.94270660595847e-08
7.29480519357024e-11,0.998575718756112,1.48971762402618,8.95138953918708e-08
7.59672181260279e-11,0.998508392741057,1.48971588447883,8.96036673710575e-08
7.91113412445088e-11,0.99843835634852,1.48971407477716,8.96962971999264e-08
8.23855929951557e-11,0.998365502949528,1.4897121921509,8.97850267761807e-08
8.57953591279118e-11,0.998289710560215,1.4897102334315,8.98718417440193e-08
8.93462482975656e-11,0.998210866307029,1.4897081956843,8.99652146852355e-08
9.30441012893115e-11,0.998128853684168,1.48970607587909,9.00635302437308e-08
9.6895000626137e-11,0.998043548524942,1.48970387078588,9.015420763303e-08
1.00905280573844e-10,0.997954801115252,1.48970157651226,9.02316192134591e-08
1.05081537560149e-10,0.997862463907544,1.4896991892196,9.03198860763913e-08
1.09430641025019e-10,0.997766423522128,1.48969670595033,9.04244131192359e-08
1.13959744720065e-10,0.997666535405698,1.48969412293856,9.05323550300802e-08
1.18676298475609e-10,0.997562649644365,1.48969143627713,9.06438173906423e-08
1.23588060454755e-10,0.997454610789049,1.48968864191287,9.07589130816356e-08
1.28703109914634e-10,0.997342257678615,1.48968573564176,9.08777636886822e-08
1.34029860495808e-10,0.997225423261491,1.4896827131041,9.10005012141997e-08
1.39577074061698e-10,0.997103934416727,1.48967956977957,9.11272700956517e-08
1.45353875110794e-10,0.996977611775701,1.48967630098231,9.12520199506024e-08
1.51369765785354e-10,0.996846252014271,1.48967290140233,9.13534802915463e-08
1.57634641501287e-10,0.996709597829755,1.48966936432764,9.14595986652337e-08
1.64158807224922e-10,0.996567507613637,1.48966568603568,9.15903793004446e-08
1.7095299442343e-10,0.996419772627681,1.48966186106129,9.17255600844892e-08
1.78028378716804e-10,0.996266176675786,1.48965788374056,9.18652945475416e-08
1.85396598260405e-10,0.996106495889591,1.48965374820473,9.20097485531174e-08
1.93069772888325e-10,0.99594049851584,1.48964944837419,9.21591025567376e-08
2.01060524049056e-10,0.995767944707428,1.48964497795254,9.22867740044521e-08
2.09381995566254e-10,0.99558848421858,1.48964032777485,9.24133502520764e-08
2.18047875258747e-10,0.995401929391493,1.48963549288009,9.25638575785101e-08
2.27072417455348e-10,0.995208011425043,1.48963046619611,9.271957568966e-08
2.36470466441508e-10,0.995006452178132,1.48962524039891,9.28806841721643e-08
2.46257480876383e-10,0.994796963945602,1.48961980790606,9.30397655810714e-08
2.56449559220463e-10,0.994579214257203,1.4896141599627,9.31904878802185e-08
2.67063466215606e-10,0.994352860450297,1.48960828753667,9.33485445167819e-08
2.78116660461013e-10,0.994117618470576,1.48960218310297,9.35202356735608e-08
2.89627323130528e-10,0.993873156286145,1.48959583787796,9.36979833457066e-08
3.0161438787848e-10,0.993619130737283,1.48958924277393,9.38464848553258e-08
3.1409757198326e-10,0.993354991260885,1.48958238330006,9.39926398354109e-08
3.27097408779876e-10,0.993080502317845,1.48957525312665,9.41736632755915e-08
3.40635281434814e-10,0.992795303167502,1.48956784265505,9.43650200750848e-08
3.54733458118772e-10,0.992498999008122,1.48956014138138,9.4563191601215e-08
3.69415128635121e-10,0.992191182208678,1.48955213844614,9.47684258141826e-08
3.8470444256434e-10,0.991871432043389,1.48954382262559,9.49809873876594e-08
4.0062654898717e-10,0.991539314441542,1.4895351823233,9.52011604348122e-08
4.17207637851818e-10,0.991194381757288,1.48952620556221,9.54292517768643e-08
4.34474983053278e-10,0.990836172565203,1.48951687997716,9.56372093037215e-08
4.52456987295597e-10,0.990463994850972,1.48950718716503,9.58276003664989e-08
4.7118322881091e-10,0.990077353011267,1.48949711379837,9.60439027455594e-08
4.90684510012061e-10,0.989675856978542,1.48948664926397,9.62843413725743e-08
5.10992908158878e-10,0.989258977572145,1.48947577928619,9.65336426864215e-08
5.32141828121393e-10,0.988826169961806,1.48946448913871,9.67921648250718e-08
5.54166057326831e-10,0.988376873508341,1.48945276363713,9.70602936324978e-08
5.7710182298075e-10,0.987910511649225,1.48944058713256,9.73025736809594e-08
6.00986851656423e-10,0.987426141621526,1.48942793435568,9.75399661708306e-08
6.25860431350514e-10,0.98692332511019,1.48941479314994,9.78108100115301e-08
6.51763476107097e-10,0.986401466596577,1.48940114719564,9.809636162845e-08
6.78738593316341e-10,0.985859910121086,1.48938697852856,9.83928100165304e-08
7.06830153798536e-10,0.985297982239338,1.48937226865697,9.86829997310537e-08
7.36084364788736e-10,0.984714787720267,1.48935699320368,9.89647337063915e-08
7.66549345942122e-10,0.984109564820002,1.48934113119821,9.92650666848906e-08
7.98275208485025e-10,0.983481687422033,1.48932466513861,9.95869729697065e-08
8.31314137641867e-10,0.982830397122036,1.48930757396525,9.99070461265443e-08
8.65720478473561e-10,0.982154725375196,1.48928983099961,1.00189313767304e-07
9.01550825268615e-10,0.981453356431564,1.48927140031613,1.00489386703402e-07
9.3886411463391e-10,0.980725995311101,1.48925227268873,1.00841803417183e-07
9.77721722438311e-10,0.979971793429726,1.48923242423518,1.01208295907239e-07
1.01818756476861e-09,0.979189883510645,1.48921183045037,1.01589487909364e-07
1.06032820306377e-09,0.978379380022167,1.48919046620893,1.01986047715872e-07
1.10421295360051e-09,0.977539379745083,1.48916830577064,1.02398694414991e-07
1.14991400151017e-09,0.976668962491164,1.48914532278961,1.02828205279514e-07
1.19750651951465e-09,0.975767191998503,1.48912149032747,1.03202676451443e-07
1.24706879157642e-09,0.974831824155693,1.48909674665438,1.03573287297648e-07
1.29868234166623e-09,0.97386269182484,1.4890710847397,1.04013709725342e-07
1.35243206786026e-09,0.972858863068706,1.48904447715,1.04477512239457e-07
1.40840638198718e-09,0.971819304623473,1.48901689355196,1.049609229897e-07
1.46669735505501e-09,0.97074296957674,1.48898830301727,1.05464930503603e-07
1.52740086869681e-09,0.96962879900773,1.48895867405203,1.0594105992249e-07
1.59061677288446e-09,0.968474664814839,1.48892794641932,1.0640319375419e-07
1.65644905016982e-09,0.967279674091851,1.48889609241393,1.06914884407293e-07
1.72500598672349e-09,0.966043027943998,1.48886308656868,1.07464937786547e-07
1.79640035045256e-09,0.964763580764758,1.48882889387231,1.08039243155323e-07
1.87074957649023e-09,0.963440180770684,1.48879347881308,1.08595885803385e-07
1.94817596036247e-09,0.962070603577412,1.48875677676204,1.09148189442283e-07
2.0288068591494e-09,0.960653905781796,1.48871875695259,1.09748478396856e-07
2.11277490097242e-09,0.959189132374495,1.48867938794117,1.10386441071718e-07
2.20021820315144e-09,0.957675069971128,1.48863863094015,1.10983044132312e-07
2.29128059939129e-09,0.956108560381018,1.48859639423605,1.11553517884712e-07
2.38611187637081e-09,0.954488628061113,1.488552644288,1.12200191915759e-07
2.48486802012394e-09,0.952814954491308,1.48850736487933,1.12911129080228e-07
2.58771147261794e-09,0.95108628209742,1.48846051396169,1.1365484025261e-07
2.69481139895089e-09,0.949301366576523,1.48841204928764,1.14433081636012e-07
2.80634396560789e-09,0.94745898155587,1.48836192851352,1.15247742038479e-07
2.92249263023373e-09,0.945557923733963,1.48831010931618,1.16057300699703e-07
3.04344844339861e-09,0.943595572051357,1.48825650997474,1.16787265487395e-07
3.16941036285339e-09,0.941568069402221,1.48820101390282,1.17560859899549e-07
3.30058558079106e-09,0.939476794202987,1.48814364693256,1.18451358004646e-07
3.43718986465301e-09,0.937320528436515,1.4880843633002,1.1938416084798e-07
3.57944791204045e-09,0.935098094640479,1.48802311757431,1.20361623622645e-07
3.72759372031494e-09,0.932808362761204,1.48795986482218,1.21289394507069e-07
3.88187097149589e-09,0.930446553973669,1.48789445809892,1.22178743848643e-07
4.04253343308811e-09,0.928011744024613,1.487826855686,1.23161454351515e-07
4.20984537549882e-09,0.925504237248287,1.48775704920475,1.24230180029604e-07
4.3840820067307e-09,0.922922944268359,1.48768499075112,1.25340826625111e-07
4.56552992506582e-09,0.920266435919488,1.48761062187336,1.26372782393946e-07
4.75448759048544e-09,0.917528495205167,1.48753374830983,1.27417936956698e-07
4.9512658156006e-09,0.914711373155989,1.48745441174763,1.28595077259156e-07
5.1561882769016e-09,0.911814079122702,1.48737256208202,1.29774290766792e-07
5.36959204716672e-09,0.908833214325802,1.48728807962267,1.30778829275005e-07
5.59182814990646e-09,0.905759547059958,1.48720067632978,1.31836345281588e-07
5.82326213675492e-09,0.90259980626813,1.48711051571514,1.33119010700731e-07
6.06427468875822e-09,0.899353131835952,1.48701754515057,1.34464889842465e-07
6.31526224254904e-09,0.896018782864049,1.486921713973,1.35877854047456e-07
6.57663764243703e-09,0.892596150852778,1.48682297386745,1.37362157755389e-07
6.84883081948814e-09,0.88908477432911,1.48672127930438,1.38681414264176e-07
7.13228949870942e-09,0.885472041181089,1.48661622925112,1.39862594608386e-07
7.42747993550268e-09,0.881758362488587,1.48650779624646,1.41242161250787e-07
7.73488768259861e-09,0.877948596221753,1.48639608205135,1.42798957145075e-07
8.05501838873249e-09,0.874042441797945,1.48628103699811,1.44436846586672e-07
8.38839863037554e-09,0.870039798814895,1.48616261555231,1.45985855178738e-07
8.73557677788968e-09,0.865931073793319,1.4860404875775,1.47333388971553e-07
9.09712389753099e-09,0.861709541458698,1.48591440145746,1.48801403748456e-07
9.47363469078479e-09,0.857383469585164,1.48578455055442,1.50503313609207e-07
9.86572847257794e-09,0.852953016448725,1.48565088569078,1.52234847817584e-07
1.02740501899775e-08,0.84841486048992,1.48551324972974,1.53727551795428e-07
1.0699271483051e-08,0.843753209782598,1.4853710996743,1.55233709036254e-07
1.11420917896332e-08,0.838979325572182,1.48522471093994,1.57018370436265e-07
1.16032394958175e-08,0.834093809579343,1.48507403411867,1.58822395599276e-07
1.20834731340633e-08,0.829092349863267,1.48491886441754,1.60535593492864e-07
1.25835826308902e-08,0.823968641070759,1.48475892826165,1.62223855143475e-07
1.31043906062127e-08,0.818722354572147,1.48459413201911,1.63941692884511e-07
1.36467537264503e-08,0.813350682055235,1.48442429936057,1.65644992176584e-07
1.42115641136408e-08,0.807850480279676,1.48424923687781,1.67335608255936e-07
1.4799750812874e-08,0.802219054185933,1.4840687584791,1.69163145649918e-07
1.54122813204584e-08,0.796463279014072,1.4838829809322,1.71030712849958e-07
1.60501631753369e-08,0.790574286029262,1.48369150882126,1.72789558958427e-07
1.67144456163663e-08,0.784548794638476,1.48349411670873,1.7451476782358e-07
1.74062213081894e-08,0.778383028335414,1.48329055364407,1.76308469740201e-07
1.81266281385367e-08,0.772080884161206,1.48308081485062,1.78218631299191e-07
1.88768510899147e-08,0.765642283704214,1.48286475923535,1.80098110894978e-07
1.96581241887593e-08,0.759060864090001,1.48264202514983,1.8190147542588e-07
2.04717325352609e-08,0.752333271199187,1.48241233914152,1.83802765522347e-07
2.13190144171996e-08,0.745465933470969,1.48217575395122,1.85795614955658e-07
2.22013635112674e-08,0.738455441777917,1.48193197819014,1.87744007340917e-07
2.31202311754982e-08,0.73129828631619,1.48168070334458,1.89713286864968e-07
2.40771288365777e-08,0.723996114361002,1.48142178993509,1.91771373740976e-07
2.50736304759578e-08,0.716550883257913,1.4811551014159,1.93848985775048e-07
2.61113752188668e-08,0.708959268570945,1.4808803008326,1.96001720681898e-07
2.71920700304732e-08,0.701227745443343,1.48059739467418,1.982681524765e-07
2.83174925236377e-08,0.693356433570206,1.48030615086699,2.0050793823842e-07
2.94894938828724e-08,0.685341107806487,1.48000616087154,2.02694062860694e-07
3.07100019093165e-08,0.677179990421615,1.47969708771754,2.04841749480774e-07
3.19810241917369e-08,0.668870380543167,1.47937853996778,2.0724186875999e-07
3.33046514087705e-08,0.660434058168627,1.4790510603729,2.09763597334616e-07
3.46830607678384e-08,0.651858560649608,1.47871386273542,2.1211691594652e-07
3.611851958639e-08,0.643142288529436,1.47836655297604,2.14434137963989e-07
3.76133890213676e-08,0.634284002127178,1.47800872809912,2.1701882229397e-07
3.91701279530251e-08,0.625307172443139,1.47764098000475,2.19744090207758e-07
4.07912970294899e-08,0.616200926287776,1.47726249618424,2.22321127169197e-07
4.24795628787207e-08,0.60696512888911,1.47687287107898,2.25017877048841e-07
4.423770249479e-08,0.59761145859091,1.47647218332403,2.27896025978738e-07
4.60686078057047e-08,0.588145359465817,1.47606024296299,2.30786293252079e-07
4.79752904302791e-08,0.578564927200761,1.47563652044842,2.3374359365603e-07
4.99608866318859e-08,0.568880442906165,1.47520100406669,2.36855704425938e-07
5.20286624772318e-08,0.559097716746878,1.47475347649501,2.40013355909636e-07
5.41820192086437e-08,0.549218383602956,1.47429351106433,2.43432228151818e-07
5.64244988387028e-08,0.539265905428305,1.47382169700972,2.46986871648151e-07
5.87597899764295e-08,0.529232162829473,1.47333713241132,2.50409661996548e-07
6.11917338946008e-08,0.519119076932219,1.47283934941608,2.53788046207178e-07
6.37243308481812e-08,0.508926541331228,1.47232774559105,2.57355386514151e-07
6.63617466542609e-08,0.498675353115301,1.47180275693589,2.61258849722185e-07
6.91083195443239e-08,0.488377144457188,1.47126437944282,2.65095767826908e-07
7.19685673001153e-08,0.478021135663996,1.47071140814636,2.68673741883892e-07
7.49471946848492e-08,0.467604810517539,1.47014299722237,2.72577183815391e-07
7.8049101181978e-08,0.457162914260473,1.46956033767189,2.76808038427139e-07
8.12793890542523e-08,0.446693195927843,1.46896260798469,2.80822426340215e-07
8.46433717363289e-08,0.436189082825579,1.46834866677709,2.84852017366896e-07
8.81465825747311e-08,0.425666480146891,1.46771863861094,2.89233977169339e-07
9.17947839295384e-08,0.415143863621896,1.46707283856084,2.93628092128161e-07
9.55939766527737e-08,0.404612336755146,1.46640988939814,2.9797452407429e-07
9.95504099590834e-08,0.39408612936703,1.4657298032649,3.02527881765546e-07
1.03670591704943e-07,0.38357502312784,1.46503231938952,3.07041997912903e-07
1.07961299093298e-07,0.373076285201787,1.46431630972891,3.12078030546813e-07
1.12429589821246e-07,0.362636822385912,1.46358407805703,3.17320143424721e-07
1.17082813689097e-07,0.352232683446417,1.4628330438131,3.22013257990656e-07
1.21928624689916e-07,0.341860943606933,1.46206193514191,3.26352351787374e-07
1.26974993599413e-07,0.331513751850127,1.46126897822394,3.31457384183654e-07
1.32230221086914e-07,0.321258037298598,1.46045822256995,3.36869613415739e-07
1.37702951368961e-07,0.311057332672963,1.45962572338924,3.41354050198868e-07
1.43402186428009e-07,0.300902981782478,1.45876943812089,3.45816661591529e-07
1.49337300819602e-07,0.290816073102186,1.45788973869466,3.50935328213142e-07
1.55518057092387e-07,0.280827013869014,1.4569879733437,3.55878547856604e-07
1.61954621846334e-07,0.270909007641771,1.45606031186098,3.60319306358259e-07
1.68657582455569e-07,0.261074601543967,1.45510631033876,3.65279223130604e-07
1.75637964483327e-07,0.251354198237583,1.45412737827112,3.70176558344118e-07
1.82907249817677e-07,0.241729106586989,1.45312000726443,3.74827329147035e-07
1.9047739555785e-07,0.232219489869219,1.4520845319152,3.7971272151152e-07
1.98360853682221e-07,0.222832732702338,1.45101998291909,3.84454514016051e-07
2.06570591530318e-07,0.213569726145017,1.44992456530822,3.8946920486649e-07
2.15120113132535e-07,0.204457342706044,1.44879958198153,3.9432553880207e-07
2.24023481422633e-07,0.195477083928227,1.4476407438718,3.98224296174596e-07
2.33295341369578e-07,0.186620659506116,1.44644452282004,4.02495645641938e-07
2.42950944066745e-07,0.177930430411604,1.44521424042261,4.06960585220964e-07
2.53006171818139e-07,0.169390974081785,1.44394531555506,4.10276515096203e-07
2.63477564262866e-07,0.160988070129565,1.44263263128061,4.13832789320704e-07
2.7438234558085e-07,0.152765067378447,1.44127996231428,4.17645063520372e-07
2.85738452824538e-07,0.144709504577913,1.43988230103583,4.2056762496216e-07
2.97564565423188e-07,0.136818975089319,1.43843570499901,4.23745619031408e-07
3.09880135908285e-07,0.129125408517273,1.43694254003023,4.26876416819695e-07
3.22705421910609e-07,0.121616036907465,1.43539672663517,4.29614228923578e-07
3.36061519481605e-07,0.114308492430579,1.43379795286009,4.32343300334189e-07
3.4997039779384e-07,0.107204940346636,1.43214266266682,4.34892849375131e-07
3.64454935277655e-07,0.100315905636886,1.43042907646403,4.37323760345403e-07
3.79538957253424e-07,0.0936455866891364,1.42865385687472,4.38980741933625e-07
3.95247275121335e-07,0.0871851571598172,1.42680959026758,4.40167876385396e-07
4.11605727173167e-07,0.0809486374525877,1.42489473355694,4.41390412164104e-07
4.28641221093154e-07,0.07494253265628,1.42290572746345,4.41598935942418e-07
4.46381778217902e-07,0.0691525018384279,1.42083121780123,4.41714710879859e-07
4.64856579628099e-07,0.063608388062555,1.41867514049323,4.418099274141e-07
4.84096014147895e-07,0.0582991882153566,1.41642648523811,4.41030115871906e-07
5.04131728330844e-07,0.0532308930419005,1.41407999471945,4.40380798171959e-07
5.24996678514689e-07,0.048416313698488,1.41163410035192,4.39477765649485e-07
5.46725185030558e-07,0.0438512067628744,1.40907900823619,4.38303374259925e-07
5.69352988655782e-07,0.0395449016636528,1.40641217933171,4.36959001521119e-07
5.92917309403175e-07,0.0354944660932687,1.40362423190859,4.35328061805943e-07
6.17456907743467e-07,0.031703782776594,1.40071035938785,4.33081908075828e-07
6.43012148361616e-07,0.0281637481299241,1.3976556295679,4.30174125860508e-07
6.69625066551853e-07,0.0248757049416481,1.3944527143258,4.26969940494892e-07
6.97339437360684e-07,0.0218359422482078,1.39109008982732,4.2276948633188e-07
7.26200847591568e-07,0.0190344022569713,1.38754750854338,4.18412340482879e-07
7.56256770789719e-07,0.0164764820276443,1.38382420851648,4.13525420056024e-07
7.87556645330381e-07,0.0141470058336677,1.37989148787386,4.08450253526392e-07
8.20151955738992e-07,0.0120500355391797,1.37575225479649,4.03383711016769e-07
8.54096317377041e-07,0.0101715582582518,1.37137987229832,3.98235400216583e-07
8.89445564632872e-07,0.00850848880917794,1.36677377067132,3.93304713276108e-07
9.26257842762542e-07,0.00704730806141435,1.36191256976112,3.88343906997782e-07
9.64593703531757e-07,0.00577793206762666,1.3567886932765,3.83183042230542e-07
1.00451620481625e-06,0.00468413406297016,1.35137418200141,3.77664523865395e-07
1.04609101432437e-06,0.0037526419377423,1.34565378128143,3.71715307256645e-07
1.08938651761259e-06,0.00296696514413703,1.33959283198757,3.65210918792802e-07
1.13447393057149e-06,0.00231277903439421,1.33316631652154,3.58506553343605e-07
1.18142741656734e-06,0.00177548062532707,1.3263453464346,3.51658295494066e-07
1.23032420843188e-06,0.00134086751867559,1.31910188408537,3.45359177878938e-07
1.28124473550107e-06,0.000996029743674818,1.31143167398318,3.3995032195829e-07
1.33427275591164e-06,0.000727432118319073,1.30332385799304,3.34834194346493e-07
1.38949549437314e-06,0.000521747579457783,1.29474956907241,3.29243999393519e-07
1.44700378564209e-06,0.0003667694826999,1.28565634956523,3.23571763956944e-07
1.50689222393424e-06,0.00025253596123319,1.27602830869025,3.18181751803889e-07
1.56925931852063e-06,0.000170080189425851,1.26582999101145,3.13521479669624e-07
1.63420765576351e-06,0.000112099811045423,1.25507447710808,3.09261165448143e-07
1.70184406785853e-06,7.21567622855594e-05,1.24370832224026,3.04344649611049e-07
1.77227980856088e-06,4.52430417466754e-05,1.23166508550731,2.99353271446119e-07
1.84563073618429e-06,2.76103937645802e-05,1.21892358529796,2.95114476616631e-07
1.92201750417399e-06,1.63998445757674e-05,1.20548383820892,2.91214359409087e-07
2.00156575956717e-06,9.46180144784151e-06,1.1912936043352,2.87113302829479e-07
2.08440634966716e-06,5.29143166113669e-06,1.17629931647178,2.83575816655225e-07
2.17067553727154e-06,2.87073315427543e-06,1.16052206453159,2.80482225776479e-07
2.260515224808e-06,1.50731665131229e-06,1.14390076454176,2.76759196576506e-07
2.35407318774679e-06,7.62803018455362e-07,1.12632873371699,2.73521276442733e-07
2.45150331767351e-06,3.72997860924934e-07,1.10787071335149,2.70222748036474e-07
2.55296587542234e-06,1.75026099975057e-07,1.08834946380492,2.66958230586959e-07
2.65862775468574e-06,7.9030671293653e-08,1.06783590743323,2.64067210643483e-07
2.7686627565345e-06,3.41678016628698e-08,1.04620125828457,2.61237544466148e-07
2.8832518752996e-06,1.41560704529768e-08,1.0234678413983,2.58788111978022e-07
3.00258359628606e-06,5.6039192639257e-09,0.999559566597415,2.56568071265447e-07
3.12685420580863e-06,2.11957184962372e-09,0.9744754621351,2.54441568981053e-07
3.25626811405906e-06,7.62934504831798e-10,0.948113094350337,2.51956354890193e-07
3.39103819133635e-06,2.60319023260484e-10,0.920371275482727,2.4974407749108e-07
3.53138611819271e-06,8.42655196881919e-11,0.891270549150027,2.47915316229027e-07
3.67754275007138e-06,2.58057676895936e-11,0.860739480821561,2.45819310987337e-07
3.82974849703608e-06,7.4370878286934e-12,0.828641219149544,2.44076894767479e-07
3.98825371921655e-06,2.02301536613799e-12,0.79505245205481,2.43572214856215e-07
4.15331913862093e-06,5.21838510717993e-13,0.76009380656542,2.46121333410444e-07
4.32521626799196e-06,1.30864450260159e-13,0.724407346748917,2.60572168865993e-07
4.50422785741286e-06,3.53036903687354e-14,0.690604843225822,3.18225403586441e-07
4.69064835939706e-06,1.31638567050671e-14,0.665152819285229,5.14991051118555e-07
4.88478441322727e-06,8.05322219012033e-15,0.65247463059928,1.15707512096077e-06
5.08695534934006e-06,6.63567106130019e-15,0.647479428586195,2.77335489417145e-06
5.29749371458607e-06,5.98016223518525e-15,0.64479591627584,4.56456641773715e-06
5.5167458192295e-06,5.49667734870439e-15,0.642620875502202,5.41138927316391e-06
5.74507230658681e-06,5.06840788546778e-15,0.640528055624709,5.77602672393311e-06
5.98284874624159e-06,4.67744283452239e-15,0.638456955876662,6.04772488456064e-06
6.23046625181124e-06,4.31676193484658e-15,0.636386609369925,6.2936830118175e-06
6.48833212428188e-06,3.98333568037546e-15,0.634312650823898,6.5563215276311e-06
6.75687052196935e-06,3.67637208237943e-15,0.63224366729103,6.83750366622196e-06
7.03652315820861e-06,3.39319271509254e-15,0.630175664764247,7.11888159668048e-06
7.32775002791902e-06,3.13159297841858e-15,0.628105744485851,7.40592309941411e-06
7.63103016424055e-06,2.88990092442884e-15,0.626033498946612,7.70761305249326e-06
7.94686242648572e-06,2.66683462181673e-15,0.623960985330514,8.03290849899681e-06
8.27576632070296e-06,2.4613217552425e-15,0.621891987104846,8.37298832083608e-06
8.61828285420169e-06,2.27166832112249e-15,0.619823239911384,8.7215941835408e-06
8.97497542544407e-06,2.09668758091996e-15,0.617755221618624,9.08523884015362e-06
9.34643075076774e-06,1.93522188405947e-15,0.615687692995958,9.45236334536901e-06
9.7332598294635e-06,1.78588735692647e-15,0.613615783277536,9.8301813146867e-06
1.01360989487956e-05,1.64799600682377e-15,0.611542613906171,1.02230068141844e-05
1.05556107306177e-05,1.52049055630502e-15,0.609465017532323,1.06377417580754e-05
1.09924852213061e-05,1.40291325713138e-15,0.607388580779209,1.10834505074087e-05
1.14474410268028e-05,1.29447205928355e-15,0.605313021432404,1.15455869138292e-05
1.19212264946359e-05,1.19442930461584e-15,0.603237813039259,1.20410502277184e-05
1.24146209448611e-05,1.10236275221599e-15,0.601168326175389,1.25361034407228e-05
1.29284359519496e-05,1.01712406827245e-15,0.599092026572261,1.30427085953957e-05
1.346351667973e-05,9.38582671982636e-16,0.597018649785787,1.35859935298261e-05
1.40207432715813e-05,8.66043682261626e-16,0.594943411488335,1.41331671206201e-05
1.46010322981629e-05,7.99031090897668e-16,0.592865595809667,1.47102642559097e-05
1.52053382650628e-05,7.37214149826267e-16,0.590788142718593,1.53111546076162e-05
1.58346551828443e-05,6.8011332912991e-16,0.588708173167572,1.59319478644333e-05
1.6490018202074e-05,6.27414558884612e-16,0.586627353008152,1.65877726146217e-05
1.71725053160197e-05,5.78798188929425e-16,0.584546489229261,1.72684613610606e-05
1.78832391338194e-05,5.3392070234e-16,0.582464260618823,1.8008204513245e-05
1.86233887270385e-05,4.92659390887607e-16,0.580389185043729,1.87625731614668e-05
1.93941715526515e-05,4.54496042536858e-16,0.57830896101639,1.95279928979504e-05
2.01968554556124e-05,4.19334184177888e-16,0.576231518477394,2.0332508414395e-05
2.10327607543066e-05,3.86839531179013e-16,0.574150536435158,2.11496790706074e-05
2.19032624123164e-05,3.56845662049996e-16,0.572068306418577,2.20062784019116e-05
2.28097923000697e-05,3.29148075295092e-16,0.569983778836933,2.2903252967474e-05
2.37538415500952e-05,3.0359776759668e-16,0.567899034760063,2.38352714419434e-05
2.47369630097554e-05,2.80002983180956e-16,0.565811726136188,2.4822600938894e-05
2.5760773795494e-05,2.58269001018744e-16,0.563727122876755,2.58665434409063e-05
2.68269579527973e-05,2.3822174470576e-16,0.561642489559514,2.69729430974239e-05
2.79372692262465e-05,2.19778028111012e-16,0.559563425805149,2.8076621889758e-05
2.90935339442167e-05,2.02703735138769e-16,0.557476912889647,2.92373002810711e-05
3.02976540229666e-05,1.87008512547465e-16,0.555397656247443,3.04333844064116e-05
3.15516100950623e-05,1.72467246058678e-16,0.553309228887336,3.16368511972927e-05
3.28574647672791e-05,1.59067639176625e-16,0.551222580999953,3.29147473115883e-05
3.42173660133414e-05,1.46676270346257e-16,0.54913015973002,3.42453188442513e-05
3.56335507070812e-05,1.35260175279691e-16,0.547039643324195,3.56526877533595e-05
3.71083483018257e-05,1.247177517097e-16,0.544946052012102,3.71335026073351e-05
3.86441846620681e-05,1.15013354818956e-16,0.542856124370552,3.8713167092187e-05
4.02435860537221e-05,1.06068012514764e-16,0.540767156818775,4.03786435103429e-05
4.1909183299526e-05,9.783957677234e-17,0.538683771985396,4.20304424352798e-05
4.36437161064282e-05,9.02232209352656e-17,0.536592879785182,4.37617259359403e-05
4.54500375720767e-05,8.32214322764642e-17,0.534508706299884,4.55290271882297e-05
4.73311188778201e-05,7.67310561752743e-17,0.53241378801532,4.72969289008248e-05
4.92900541759436e-05,7.074810872783e-17,0.530319325273505,4.91818283836239e-05
5.13300656791774e-05,6.5214879488672e-17,0.528218221045014,5.11516760999243e-05
5.3454508960848e-05,6.01173273311736e-17,0.526118370720126,5.32599704274734e-05
5.56668784743931e-05,5.54140493989152e-17,0.524016575078539,5.55094177481436e-05
5.7970813301316e-05,5.10893476459934e-17,0.521920140706741,5.79173537208352e-05
6.03701031370376e-05,4.71069983065345e-17,0.519826356144087,6.04471803366912e-05
6.28686945244878e-05,4.34461006049126e-17,0.517739124003259,6.29599405645954e-05
6.54706973456946e-05,4.00606646471514e-17,0.515646068515179,6.55425339818071e-05
6.81803915820451e-05,3.69452517060153e-17,0.513557357584635,6.81418543933802e-05
7.10022343543387e-05,3.40571958204197e-17,0.511457346157394,7.06884516688495e-05
7.39408672542159e-05,3.13889225836635e-17,0.50935241976332,7.33880448962228e-05
7.70011239790157e-05,2.89206892690625e-17,0.507239456114888,7.62169302291371e-05
8.01880382826277e-05,2.6642927364447e-17,0.505122991693169,7.92982748426817e-05
8.35068522554097e-05,2.45441801198186e-17,0.503006128483588,8.26995597407837e-05
8.69630249467967e-05,2.26164598300926e-17,0.500895770753017,8.64132961370973e-05
9.05622413447787e-05,2.08463881146059e-17,0.498793141687146,9.03737274347823e-05
9.43104217270219e-05,1.92224270006739e-17,0.496700683495944,9.44100017754699e-05
9.82137313990136e-05,1.77270200994396e-17,0.494611202510656,9.84878117997996e-05
0.000102278590835246,1.63506460860612e-17,0.492525978864709,0.000102468254687542
0.000106511686240126,1.50763691303917e-17,0.490432596473965,0.000106362064047548
0.000110919980545972,1.38984502449592e-17,0.488333735036164,0.000110447917947762
0.000115510724866206,1.28093225072531e-17,0.486228348907025,0.000114734355278846
0.000120291470422557,1.18037532686182e-17,0.484119052578652,0.000119392254034298
0.000125270080965913,1.08774225929791e-17,0.482010464126788,0.000124461684945765
0.000130454745711244,1.00251990401398e-17,0.479905506851028,0.00012982629581482
0.000135853992807877,9.24092551770301e-18,0.477803844481262,0.000135578949358849
0.000141476703367274,8.52080516655645e-18,0.475710659401746,0.00014139973193857
0.000147332126071388,7.85611259350927e-18,0.473615210864693,0.000147287016116948
0.000153429892385636,7.24418681901252e-18,0.471523022480113,0.00015343843549433
0.000159780032401497,6.67947320887795e-18,0.469429089198804,0.000159528272409484
0.000166392991334807,6.1575652096313e-18,0.467330061023932,0.000166350948057475
0.000173279646706879,5.67877931154354e-18,0.465241676401863,0.000173703551532805
0.000180451326236718,5.23734981413133e-18,0.463153922632791,0.000181237951341833
0.000187919826473758,4.83160518494624e-18,0.461073491657487,0.000189118300739496
0.000195697432201755,4.45747327825493e-18,0.458994097533501,0.000197025354652639
0.000203796936645793,4.11241544784746e-18,0.456915352361561,0.000205520648421228
0.000212231662515583,3.79498766214542e-18,0.454842853980292,0.000214422378922752
0.000221015483919731,3.50225323579361e-18,0.452771768915748,0.000222946693818692
0.000230162849186963,3.23110728379788e-18,0.450692762340661,0.0002321157390951
0.000239688804631898,2.98174860221358e-18,0.44862063583224,0.000241418886339849
0.000249609019304416,2.75034372474577e-18,0.446536408357484,0.000251038792702371
0.000259939810763364,2.53748198337292e-18,0.444458124240708,0.000261239228238443
0.000270698171916971,2.34028140191169e-18,0.442370876839876,0.000271733392111701
0.000281901798974141,2.15874837457079e-18,0.440287718306079,0.000282951702252385
0.000293569120552583,1.99094906897318e-18,0.438200055832665,0.000294459618333421
0.000305719327991669,1.83630884053709e-18,0.436114023955284,0.00030684143634575
0.000318372406919877,1.69374662984283e-18,0.434029010574282,0.000320063813872663
0.000331549170128747,1.56260322661551e-18,0.4319497925409,0.000333203846447534
0.000345271291807411,1.44121569093593e-18,0.429863445258795,0.000347144982724397
0.000359561343194031,1.32971834395477e-18,0.427786033540865,0.000361549449579907
0.000374442829702764,1.22644216206533e-18,0.425700110859397,0.000375994927025805
0.00038994022958734,1.13130874833308e-18,0.423616960188761,0.000391334906742693
0.000406079034204845,1.04334708576327e-18,0.421528676103016,0.000407097124923523
0.000422885789945931,9.6225010867176e-19,0.41944107518766,0.00042366737951777
0.000440388141900432,8.87338653258933e-19,0.417350044732067,0.00044114270329973
0.000458614879330213,8.18350014016062e-19,0.415261881415825,0.000459575424068716
0.000477595983024038,7.54687706725881e-19,0.413172440132662,0.000479276040903519
0.000497362674612354,6.96172249672626e-19,0.411090201957778,0.000499255193799741
0.000517947467923121,6.42044296923405e-19,0.409001954986025,0.000519779025720863
0.00053938422246314,5.92237103113448e-19,0.406918599259687,0.00054126368272494
0.000561708199112869,5.46185639168951e-19,0.404830137289941,0.000562847335117285
0.000584956118126321,5.03696372648348e-19,0.402740717783313,0.000585654004505403
0.000609166219531465,4.64466975780339e-19,0.400648771795448,0.000609437504836301
0.000634378326030471,4.28282946287683e-19,0.39855622725314,0.000634275553516054
0.000660633908503251,3.94888068537929e-19,0.396461739492932,0.000660662147987846
0.000687976154222078,3.64136642387688e-19,0.394370052282751,0.000688441192379167
0.000716450037889435,3.3577797299963e-19,0.392278213513705,0.000718054245425554
0.000746102395615998,3.09707989460475e-19,0.390193051274032,0.000747795852199496
0.000776982001960389,2.85589592961157e-19,0.388101340251303,0.000778455098008883
0.000809139650157466,2.63400351400902e-19,0.386014619674991,0.000810364586871479
0.000842628235667064,2.42873140014373e-19,0.383921314820419,0.000842256706130998
0.000877502843180668,2.23931843120722e-19,0.381826419667677,0.000876148124021384
0.000913820837229103,2.06443453659551e-19,0.379728488556201,0.00091157234588448
0.000951641956540266,1.90314826705037e-19,0.377629740475246,0.000948892061208542
0.000991028412302158,1.75439541900349e-19,0.375530003520539,0.000988739298275038
0.00103204499049279,1.61748426196189e-19,0.373433695494003,0.00103075271617673
0.00107475915844531,1.49131616497098e-19,0.371338402378268,0.00107539895514485
0.00111924117582366,1.37534793034762e-19,0.369249833669036,0.00112007352162491
0.00116556421019126,1.26809760394889e-19,0.367155161078234,0.00116563188308683
0.00121380445736283,1.16935737498954e-19,0.365063724680616,0.00121265132570991
0.00126404126673735,1.07799379467559e-19,0.362964828401521,0.00125934313406324
0.00131635727181825,9.93607712500402e-20,0.36086175544078,0.00130900165733951
0.00137083852613558,9.1569504649134e-20,0.358754952955029,0.00136122584842773
0.00142757464479372,8.43816287502788e-20,0.356645841380863,0.00141700416400263
0.00148665895187743,7.77599138955345e-20,0.354537373229655,0.00147746597606969
0.00154818863395872,7.1670432316013e-20,0.352433443102444,0.00154175665082841
0.00161226489995709,6.60681844383203e-20,0.350333558484005,0.00161001737903263
0.00167899314761598,6.09217319124825e-20,0.348241249631431,0.00167832231528728
0.00174848313686941,5.61687546710348e-20,0.346145536141003,0.00174825059928159
0.00182084917038383,5.17956702681098e-20,0.344054344242852,0.00182101804361342
0.00189621028157225,4.77564372345445e-20,0.341959576337216,0.0018933337043905
0.00197469043038989,4.40267858854575e-20,0.339861636392694,0.00196937856898134
0.00205641870723336,4.05856435958365e-20,0.337761937976459,0.00204748260229432
0.00214152954527882,3.7405891683608e-20,0.335657019200569,0.00212673293997902
0.00223016294160843,3.44677346225071e-20,0.33354646633107,0.00221097181862354
0.00232246468748858,3.1758423122948e-20,0.33143433731992,0.00230075681543913
0.00241858660817908,2.92602777364358e-20,0.329320624002774,0.00239978017159208
0.0025186868126674,2.69672878091525e-20,0.327215187255928,0.00250426094488396
0.00262292995373891,2.48543890749459e-20,0.325110166667861,0.00261126576042678
0.00273148749881085,2.29114767211533e-20,0.323010146715493,0.00271906798112161
0.0028445380119757,2.11160075481335e-20,0.320904705806309,0.00283109296050134
0.00296226744771749,1.94647579448259e-20,0.318803927324906,0.00294793466776716
0.00308486945678463,1.79390639361683e-20,0.31669801517291,0.00306536598173851
0.00321254570472201,1.65322221864996e-20,0.314590956408499,0.00318719451533834
0.00334550620358662,1.52324530498067e-20,0.312478383177296,0.00331254721791977
0.00348396965739203,1.4033327823264e-20,0.310362971725501,0.00344718161967358
0.00362816382185018,1.29285075688465e-20,0.308247377210425,0.00360038966709841
0.00377832587900213,1.19164705619495e-20,0.306144349851884,0.00377396273012632
0.00393470282735397,1.09899954488244e-20,0.304056211952478,0.00394138219030856
0.00409755188815954,1.01343910180843e-20,0.301965121432858,0.00410880149116208
0.00426714092851856,9.34805033722368e-21,0.299881353607432,0.00428427367751314
0.00444374890198567,8.62204038058218e-21,0.297795545185139,0.00445582629742703
0.00462766630741547,7.95138234709489e-21,0.295706386388358,0.00463131985304828
0.00481919566679812,7.33155731104114e-21,0.293612536997261,0.00481253242693942
0.00501865202287168,6.75889434653795e-21,0.291514283250003,0.00500095352626943
0.00522636345732943,6.22984771064181e-21,0.289411418679011,0.00520272609208124
0.00544267163047478,5.74230275088756e-21,0.287308965297888,0.00541820220012168
0.00566793234321125,5.29285223166833e-21,0.285206219030805,0.00564600991559338
0.00590251612229227,4.87913748292192e-21,0.283106422181008,0.00587912916299467
0.00614680882979302,4.49717755175692e-21,0.281003283258917,0.00611944828077404
0.00640121229780699,4.14532485902632e-21,0.278901428206014,0.00636610540501019
0.00666614498941155,3.82016401247582e-21,0.276793927252011,0.00662038607689968
0.00694204268698926,3.52048167903327e-21,0.274686230548029,0.0068851044331778
0.00722935920903744,3.24361897632093e-21,0.272573052733712,0.00715581692260728
0.00752856715664491,2.98819162837386e-21,0.270456960712242,0.00744361282851964
0.00784015869086398,2.75268268560626e-21,0.268339037604142,0.00774463250384111
0.00816464634225609,2.53553628049502e-21,0.266219098335808,0.00806013784334077
0.00850256385394279,2.33546319615792e-21,0.264098542297157,0.00838227788964266
0.00885446705954908,2.15074627975856e-21,0.261972821594627,0.0087138659995568
0.00922093479748271,1.98046225838471e-21,0.259844805060343,0.00905460479345374
0.00960256986305372,1.8231620443014e-21,0.257709745307305,0.00940110688179846
0.01,1.67798093106279e-21,0.255568934471768,0.00957880677296309
