QFLS_eV,alpha_10000_mu_1_csv_alpha_1e_04,alpha_50000_mu_1_csv_alpha_5e_04,alpha_100000_mu_1_csv_alpha_1e_05,alpha_500000_mu_1_csv_alpha_5e_05,alpha_1e_06_mu_1_csv_alpha_1e_06
0.9,NaN,NaN,NaN,NaN,NaN
0.902311693371607,NaN,0.00085587882938043,NaN,NaN,NaN
0.904623386743215,NaN,0.000876515880849915,NaN,-0.00178615714452057,-0.00400054137149866
0.906935080114822,NaN,0.000897152932319401,NaN,-0.00172809180228217,-0.00357561130689455
0.90924677348643,NaN,0.000917789983790662,NaN,-0.00167002646004377,-0.00315068124228454
0.911558466858037,NaN,0.000938427035260148,NaN,-0.0016119611178036,-0.00272575117767748
0.913870160229644,NaN,0.000959064086729633,NaN,-0.00155389577556342,-0.00230082111306747
0.916181853601252,0.000363175544183632,0.000979701138200895,-0.000205278632631867,-0.00149583043332502,-0.00187589104846336
0.918493546972859,0.00044094776727215,0.00100033818967038,-0.000308853385539543,-0.00143776509108573,-0.00145096098385335
0.920805240344467,0.000518719990356856,0.00102097524113987,-0.000412428138443666,-0.00137969974884644,-0.00102603091924629
0.923116933716074,0.000596492213445374,0.00104403057290181,-0.000449344366856508,-0.00134436688707495,-0.00089001799220704
0.925428627087681,0.000665408462058453,0.00107185771104756,-0.000474305357729854,-0.00135639571092927,-0.000914637085101009
0.927740320459289,0.000726548109186647,0.00109424923802059,-0.0004992663486032,-0.00136842453478359,-0.000939256177992027
0.930052013830896,0.000787687756316112,0.00111664076499363,-0.000524227339477434,-0.00138045335863879,-0.000963875270885996
0.932363707202504,0.000848827403445576,0.00113903229196843,-0.000549188330350781,-0.00139248218249399,-0.000988494363777014
0.934675400574111,0.00090996705057377,0.00116142381894058,-0.000574149321224127,-0.0014045110063492,-0.00101311345667393
0.936987093945718,0.000946202291498518,0.0011838153459145,-0.000581702879185464,-0.00141653983020529,-0.0010377325495679
0.939298787317326,0.000928695008413202,0.00120620687288753,-0.000551692024906458,-0.00142856865406049,-0.00106235164246187
0.941610480688933,0.000911187725329156,0.00122859839986056,-0.000514183713723249,-0.0014351712681,-0.00109385126925356
0.943922174060541,0.00089368044224384,0.00125065861267437,-0.000463873645754731,-0.00142217613968931,-0.0011038757221434
0.946233867432148,0.000876173159158524,0.0012575512239712,-0.000413563577786213,-0.00139401340976431,-0.0011139001750421
0.948545560803756,0.000820082876555267,0.00123747547592679,-0.000363253509819472,-0.00136585067983575,-0.00112392462792604
0.950857254175363,0.000762535290559165,0.00121638111652356,-0.000312943441850067,-0.00133768794990807,-0.00113394908082178
0.95316894754697,0.000704987704563063,0.00119528675712033,-0.000262633373883325,-0.00130952521998218,-0.00114397353371457
0.955480640918578,0.00064744011856442,0.00117419239771621,-0.000212323305914808,-0.00128136249005539,-0.00115399798660737
0.957792334290185,0.000619321038737725,0.00115309803831387,-0.000182582881030235,-0.00125319976012772,-0.00116402243950016
0.960104027661792,0.000765948604487385,0.00113200367890975,-0.000286593445578909,-0.00120785551736891,-0.00107840911854619
0.9624157210334,0.000912576170238316,0.00111090931950741,-0.000426555356897396,-0.00113697217980402,-0.000788528972151311
0.964727414405007,0.00105920373598798,0.00109662910819797,-0.000566517268215883,-0.00107290299033291,-0.000498648825756431
0.967039107776615,0.00120583130174018,0.00110658501189054,-0.000706479179535258,-0.00103306991586383,-0.000208768679364502
0.969350801148222,0.00136269624685239,0.00112369653667965,-0.000846441090853745,-0.000993236841392964,8.11114670333285e-05
0.97166249451983,0.00152257933611232,0.0011429176536959,-0.00098640300217312,-0.000953403766922989,0.000370991613428208
0.973974187891437,0.00168246242536844,0.00116213877071036,-0.00112636491349161,-0.000913570692453902,0.000660871759820138
0.976285881263044,0.00184234551462455,0.00118135988772572,-0.00126632682481009,-0.000873737617983927,0.000950751906217968
0.978597574634652,0.00195483465430902,0.00120058100474107,-0.00133489441828605,-0.0008365820659888,0.00110461606826357
0.980909268006259,0.00196582016137837,0.00121980212175554,-0.00128109681462263,-0.000799729793244275,0.00108666850853151
0.983220961377867,0.00197680566844644,0.00123902323877179,-0.00122729921095921,-0.000762877520500638,0.00106872094880535
0.985532654749474,0.00198779117551452,0.00126019209197636,-0.00117350160729401,-0.000727972983946223,0.00105077338907034
0.987844348121081,0.00199877668258387,0.00128196076085008,-0.00111970400362971,-0.000693668263060054,0.00103282582933828
0.990156041492689,0.0020231691772475,0.00131310051190248,-0.00106590639996629,-0.000659363542175662,0.00101487826960917
0.992467734864296,0.00204831399894941,0.00134476611698719,-0.00101210879630198,-0.000625058821289493,0.000996930709880066
0.994779428235903,0.00207345882065132,0.00137643172207191,-0.000958311192637673,-0.000613554522758797,0.000903241786553012
0.997091121607511,0.00209860364235196,0.00140809732715663,-0.000914499152741222,-0.000611784301837837,0.000810388282163044
0.999402814979118,0.00186461277673986,0.00143976293224046,-0.000690390666876262,-0.000610014080917765,0.000720297381255448
1.00171450835073,0.00160023094778451,0.00147142853732518,-0.000445039809231496,-0.000608243859996804,0.000630206480353751
1.00402620172233,0.00133584911882789,0.00147606884610418,-0.000199688951584065,-0.000579448342771016,0.000540115579443204
1.00633789509394,0.00107146728986873,0.00146614636686415,4.56619060624774e-05,-0.000536090037526193,0.000450024678541508
1.00864958846555,0.0007921977576909,0.00144581782964082,0.000291012763709908,-0.000492731732282259,0.000359933777633911
1.01096128183716,0.000495891386621796,0.00141358105306377,0.000536363621355562,-0.000452914051974673,0.000258081175282699
1.01327297520876,0.000199585015553963,0.00138134427648673,0.000761763323423814,-0.000414033216868503,0.000219392744771434
1.01558466858037,-9.67213555151412e-05,0.00134910749990969,0.000979649921722725,-0.000375152381763222,0.000205662304751347
1.01789636195198,-0.000204102138106342,0.00131687072333087,0.00106548320062405,-0.00033627154665794,0.000191931864725359
1.02020805532359,-0.00024930405239964,0.00128463394675471,0.00110785531568336,-0.000297390711552659,0.000178201424702321
1.02251974869519,-0.000294505966695479,0.00127499346424997,0.00115022743074267,-0.000281106170521461,0.000164470984676333
1.0248314420668,-0.000339707880988776,0.00126917058163745,0.0011925995458002,-0.000270254798188319,0.000145373741244982
1.02714313543841,-0.000391850558640514,0.00125849631363106,0.00123497166085951,-0.000268155222951982,9.72036571540443e-05
1.02945482881001,-0.000458701156983299,0.00123754165023371,0.00127910144454013,-0.000266055647714758,4.31947242855045e-05
1.03176652218162,-0.000525551755324813,0.00121658698683902,0.00132362903290151,-0.000263956072478422,-1.21356871253519e-05
1.03407821555323,-0.000592402353668868,0.00119563232344078,0.00136815662126288,-0.000261856497242086,-6.74660985421092e-05
1.03638990892484,-0.000579699759071655,0.0011746776600452,0.00135707891400916,-0.000259756922005749,-0.000122796509950015
1.03870160229644,-0.000560530977246347,0.00116510370525891,0.00134148153584146,-0.000269038055379589,-0.000178126921363822
1.04101329566805,-0.000541362195418497,0.00117545968020938,0.00132588415767376,-0.000291141881817225,-0.000209847603602593
1.04332498903966,-0.000522193413591918,0.00118581565515541,0.00130675106006262,-0.000311298165765805,-0.000223353283987954
1.04563668241127,-0.000494776608212108,0.00120193675116376,0.00127164243215461,-0.000331454449715274,-0.000183789401440589
1.04794837578287,-0.000459114692718252,0.00122382093182338,0.00123653380424482,-0.000351610733664742,-0.000144225518890274
1.05026006915448,-0.000423452777223125,0.00124570511248301,0.00120142517633592,-0.000371767017613323,-0.000104661636342909
1.05257176252609,-0.000373396806935938,0.00126758929314352,0.00115625553588661,-0.000391923301563679,-6.50977537984945e-05
1.0548834558977,-0.00030240607230574,0.00128256202447208,0.00109645312311368,-0.000381797192857469,5.21027219799543e-05
1.0571951492693,-0.000231415337678083,0.00126484207335587,0.00103665071034253,-0.000327243098965369,0.000208287029636147
1.05950684264091,-0.000160424603050426,0.00124712212223965,0.000986067964076298,-0.00027268900507238,0.000333844268107133
1.06181853601252,-8.94338684214989e-05,0.00122940217112344,0.000937639378906674,-0.000218134911179391,0.000452245538307418
1.06413022938413,1.45627516021946e-05,0.00123475234386383,0.000889210793734385,-0.000163580817286402,0.000570646808513603
1.06644192275573,0.000118813151680166,0.00124027990125164,0.000840782208563873,-0.000109026723392525,0.000689048078722739
1.06875361612734,0.000212413746628875,0.00124580745863945,0.000799797517731626,-7.65664212849515e-05,0.00073405536127141
1.07106530949895,0.000262426287337313,0.0012471431110983,0.000789279569359813,-4.57284668451408e-05,0.000759748114771235
1.07337700287056,0.000312438828048292,0.00123722128819725,0.000802933654370896,-3.63303704720153e-06,0.000705143111454058
1.07568869624216,0.000362451368760541,0.00122729946529709,0.000827369220502305,3.84623927516259e-05,0.000614722803101725
1.07800038961377,0.000412463909468979,0.00121737764239604,0.000851804786635491,8.05578225513415e-05,0.000524302494752343
1.08031208298538,0.000457100284366372,0.00120369804085207,0.000876240352767788,0.000101696234230175,0.000364264479116239
1.08262377635698,0.000500231779275245,0.00118896657333778,0.000900675918899196,8.59619614068663e-06,-0.000175265452312783
1.08493546972859,0.000531100587360273,0.00117423510582437,0.000933682735293928,-8.4503841948802e-05,-0.000714795383741805
1.0872471631002,0.000529834003518217,0.00118135879830383,0.000962496747962227,-0.000199459040029382,-0.00116578105331403
1.08955885647181,0.00052856741967489,0.00120083798340698,0.000985367914227098,-0.000326769730734533,-0.00159702501445511
1.09187054984341,0.000527300835834105,0.00122031716851101,0.00100823908049108,-0.000454080421440572,-0.00202826897559913
1.09418224321502,0.000526034251992049,0.00123979635361504,0.00103111024675595,-0.000648598304271886,-0.0026827703964426
1.09649393658663,0.00048796916912647,0.00123355449169793,0.00105398141302171,-0.000866747423306613,-0.0034157730847471
1.09880562995824,0.000443579445429488,0.00122289189555058,0.00105316518798038,-0.00108489654234223,-0.00407008796237989
1.10111732332984,0.000414199088716029,0.00123016899968142,0.000934716475937236,-0.00132098536165515,-0.00436848684745247
1.10342901670145,0.000393652956540546,0.00128663957592057,0.00081009290593137,-0.00160626765307637,-0.004666885732528
1.10574071007306,0.000373106824363792,0.00134311015215793,0.000685469335925504,-0.00188439091506876,-0.00494150283661473
1.10805240344467,0.000352560692185768,0.0013995807283953,0.000560845765921414,-0.00215605898417959,-0.00519467625411325
1.11036409681627,0.000329353685109325,0.00145419143289249,0.000436222195914659,-0.00242772705328953,-0.00544784967160291
1.11267579018788,0.000295531230525858,0.00150138225799967,0.000246788728564873,-0.00269939512240036,-0.00548572927028494
1.11498748355949,0.00027031349796986,0.00155313849988037,3.14668116638828e-05,-0.00297562860828737,-0.00545758884690287
1.1172991769311,0.000271630000201286,0.0016303776188682,-0.000202401739440639,-0.00323475192978862,-0.00528795740234179
1.1196108703027,0.000272946502430172,0.00170761673785602,-0.000436270290542495,-0.00345239418408294,-0.0049805288352231
1.12192256367431,0.000274263004660327,0.00178485585684385,-0.000670138841646128,-0.00367003643837638,-0.0046731002680985
1.12423425704592,0.000275579506889212,0.00186209497583167,-0.000902400916853452,-0.0038876786926707,-0.00437100829838761
1.12654595041753,0.000299973865799908,0.00195546482440445,-0.00113335503946921,-0.00410532094696592,-0.00407326125314038
1.12885764378913,0.00033542860358488,0.00202709204075813,-0.00136837227039965,-0.00408624410329139,-0.00307356189736166
1.13116933716074,0.000415279694440582,0.00203598058894183,-0.0016344212204249,-0.00390328331245282,-0.00173786519763911
1.13348103053235,0.000495130785292472,0.00204486913712465,-0.00190047017045103,-0.00372032252161425,-0.000402168497907704
1.13579272390396,0.000574981876145632,0.00205375768530658,-0.00209506090617584,-0.00353736173077479,0.000696149152122704
1.13810441727556,0.000654832966998792,0.0020626462334894,-0.00222680320254209,-0.00334568240458033,0.00161465115327311
1.14041611064717,0.000761430417080284,0.00209022968449712,-0.00235854549890835,-0.0029208080606784,0.00330781023533074
1.14272780401878,0.000877567473494038,0.00199777274409207,-0.00248832193214454,-0.00236725956355333,0.00500096931739133
1.14503949739038,0.000984413977155154,0.00184033785241766,-0.00261160454768117,-0.00174873311515711,0.00669412839945192
1.14735119076199,0.00109126048081119,0.00168290296074147,-0.00252458793041033,-0.00113020666676,0.00768868855172499
1.1496628841336,0.00119810698447103,0.0015254680690644,-0.00234787157363225,-0.000754288540949943,0.00757934521635769
1.15197457750521,0.00130495348812834,0.00136803317738821,-0.00217115521685241,-0.000539476638183878,0.00693481859240232
1.15428627087681,0.00142291799163258,0.00118729886320601,-0.00199443886007344,-0.000293594164512356,0.00629029196844399
1.15659796424842,0.00150187386766083,0.000919624861220214,-0.00178567172319077,4.1216999025373e-05,0.0056364775075082
1.15890965762003,0.00155171512897743,0.000651950859234418,-0.00151670061930886,0.000285809086607358,0.00455057055593257
1.16122135099164,0.00160155639029149,0.000384276857247734,-0.00124772951542695,0.000370072981281666,0.00293206487593736
1.16353304436324,0.00165139765160555,0.00011660285526105,-0.000978758411545044,0.000454336875955974,0.00131355919594215
1.16584473773485,0.00169702468997383,-0.0001469674912844,-0.000709787307663134,0.000531551499756588,-0.000304946484058963
1.16815643110646,0.00171444119866858,-0.000292992526983227,-0.000583320386086328,0.000529323810694038,-0.00125798527630048
1.17046812447807,0.00172140634016798,-0.000439017562680277,-0.000533169188075888,0.000677484149242957,-0.00143366318516123
1.17277981784967,0.00172837148166484,-0.000585042598377328,-0.000483017990065449,0.000825644487789212,-0.00160934109402493
1.17509151122128,0.00173533662316297,-0.000731067634075266,-0.000432866792053233,0.000973804826338132,-0.00178501900289159
1.17740320459289,0.00174230176465857,-0.000861542762875978,-0.000396301991941073,0.00113152446856368,-0.00183215288281408
1.1797148979645,0.00171499854423391,-0.000488621110312337,-0.000381765031050918,0.00080933018747853,-0.00164853482653027
1.1820265913361,0.00166011886938557,-0.000125713054551113,-0.000357966552496869,0.0004871359063916,-0.00146491677024645
1.18433828470771,0.00160480857670321,0.000237195001209223,-0.000333867084992612,0.000164941625306447,-0.00128129871396264
1.18664997807932,0.0015494982840183,0.000600103056971335,-0.000330047195731709,-0.000224420549455928,-0.00125344027002873
1.18896167145093,0.00149418799133212,0.000992185986699923,-0.000374208065795578,-0.000692370965930778,-0.00123034084825532
1.19127336482253,0.00141330937776399,0.00147781978921646,-0.00041836893585856,-0.0012717437445513,-0.00120724142648485
1.19358505819414,0.00131579743357043,0.00194464334359878,-0.000469713854878151,-0.00185111652317183,-0.00118414200470849
1.19589675156575,0.00121858841547112,0.00241146689797933,-0.00053877054621676,-0.0025050054174276,-0.00135044589952077
1.19820844493735,0.00112137939737563,0.00287829045236254,-0.000636669044292937,-0.00316202915452202,-0.00143135310872298
1.20052013830896,0.0010241703792776,0.0029045039918465,-0.000734567542366449,-0.00337844287671807,-0.0015122603179311
1.20283183168057,0.000944939613704944,0.00267257887913797,-0.000830867582837236,-0.00323417104538493,-0.00129956826539979
1.20514352505218,0.00087671769657153,0.00245606297962553,-0.00081105819617644,-0.00299412490483775,-0.00112880146863884
1.20745521842378,0.000808495779439386,0.00223954708011398,-0.000721065435087098,-0.00275407876429323,-0.00119117879519493
1.20976691179539,0.000740273862305972,0.00197668912806481,-0.000631072673997757,-0.00248946859410726,-0.00132590114785791
1.212078605167,0.000672051945173829,0.00155027993079315,-0.000541079912906639,-0.00219716184183127,-0.00191192292281101
1.21439029853861,0.000673550217944458,0.00116571924007669,-0.000609185876102813,-0.00190485508955351,-0.00199561964184373
1.21670199191021,0.000711682116577403,0.000801414597674466,-0.000684762652219284,-0.00161254833727664,-0.00207227036666867
1.21901368528182,0.000749814015211618,0.000437109955272241,-0.000760339428336643,-0.00130009096002581,-0.00208198216426308
1.22132537865343,0.000787945913844562,0.00036675835316835,-0.000872803580040049,-0.00128011935821881,-0.00196428260420576
1.22363707202504,0.000833350494386568,0.000305311262568608,-0.00102489454692734,-0.00126863474973504,-0.00173044529255272
1.22594876539664,0.000931166708514244,0.000250588754311387,-0.00120689509122496,-0.00129783718733734,-0.00163176742239685
1.22826045876825,0.00102898292263811,0.000195866246053278,-0.00136488913063992,-0.00133446724828978,-0.00163751146594994
1.23057215213986,0.00112679913676451,0.000233301549748433,-0.0014056299349452,-0.00146325512119549,-0.00203276232543625
1.23288384551147,0.00122461535089092,0.000282614575221274,-0.00144637073925225,-0.00168776639001855,-0.00270654248547598
1.23519553888307,0.00127151164640684,0.000333108079785482,-0.00145033956873597,-0.00192306335248471,-0.00341615194425156
1.23750723225468,0.00131254967067401,0.000384311699269446,-0.0015918504711685,-0.00215295930592774,-0.00363495332775229
1.23981892562629,0.00135358769494245,0.000456364628618644,-0.00173925540241537,-0.00225273290008232,-0.00333265814205188
1.2421306189979,0.00139462571920834,0.000529264652637806,-0.00188666033366225,-0.00235335358890865,-0.00303036295635146
1.2444423123695,0.00125552680542599,0.000596349724608203,-0.00181852023732887,-0.00247898440812477,-0.00312822654348186
1.24675400574111,0.00105999687544385,0.000628319638526165,-0.00170761351594795,-0.00263866733886786,-0.0034668977180063
1.24906569911272,0.000864466945461706,0.000556268322871034,-0.00159670679456614,-0.00269432904003697,-0.00380556889253074
1.25137739248433,0.000668937015482103,0.000484217007215904,-0.00155135488402536,-0.00274497425056364,-0.00390980727797038
1.25368908585593,0.000246858602371793,0.000402050706211909,-0.00136425128126749,-0.00279310064315119,-0.00398413922638039
1.25600077922754,-0.000241840864724233,0.000310468846936196,-0.00115585875355517,-0.00285486257075895,-0.00405107623017043
1.25831247259915,-0.000730540331818987,0.000231780084584798,-0.000923078734421878,-0.00290492703770084,-0.00411733866275079
1.26062416597075,-0.00121221535378978,0.000153091322235177,-0.000695208591727337,-0.00295499150464362,-0.0041836010953282
1.26293585934236,-0.00161840097865164,8.93387365907827e-05,-0.000519146590439945,-0.00309791976297102,-0.00451191149200571
1.26524755271397,-0.00198990993870404,7.10263449068549e-05,-0.00036745867961141,-0.00329973040561438,-0.00488442362485737
1.26755924608558,-0.0023614188987539,5.27139532220389e-05,-0.000215770768784651,-0.00346698680872493,-0.0051421490586105
1.26987093945718,-0.00262561567613502,3.44015615389992e-05,-0.000156910180701963,-0.00357582629493347,-0.0051466231753498
1.27218263282879,-0.0028187815717438,-0.000112963927829668,-0.000189348790860855,-0.00360726989112958,-0.00518433804987454
1.2744943262004,-0.00304849643402743,-0.000316283262874251,-0.000222626593570752,-0.0037335612185041,-0.0056353531094313
1.27680601957201,-0.00327821129631106,-0.00051960259792061,-0.000260102061565348,-0.00385985254587773,-0.00607242382674884
1.27911771294361,-0.00337380925825744,-0.000638667388699332,-0.000391321219970209,-0.0041338513610345,-0.00672028065983385
1.28142940631522,-0.00339599329545804,-0.000638873534335005,-0.000600147070539236,-0.00447977677913336,-0.00712489062675279
1.28374109968683,-0.0034141089767188,-0.000636236021200887,-0.000835409912785856,-0.00464746212657818,-0.00684957810993034
1.28605279305844,-0.00326139324919649,-0.000681391794022268,-0.00115926559808432,-0.00474511120922916,-0.00660273520999354
1.28836448643004,-0.00297904389469796,-0.000766298018749723,-0.00151150637917041,-0.00513670839944602,-0.00767112164333534
1.29067617980165,-0.00267017832075473,-0.00083267020145783,-0.00189597519720941,-0.00556968198386976,-0.00876989826166409
1.29298787317326,-0.00237421991896853,-0.000877243631277835,-0.00244310061261643,-0.0057892839458793,-0.00851715275691837
1.29529956654487,-0.00210167622842846,-0.000902193024725051,-0.00297614882768382,-0.0060449989176945,-0.00831157860770468
1.29761125991647,-0.00185221253940855,-0.000943274646934,-0.00336779561266454,-0.00644228353169574,-0.00904601401351115
1.29992295328808,-0.00167000382205664,-0.00101501930742565,-0.00371205081954962,-0.00681951357610799,-0.00981696019601517
1.30223464665969,-0.0016446263170722,-0.00110345328677308,-0.00406778088531023,-0.00719967690497114,-0.0102508218015037
1.3045463400313,-0.00148343462413596,-0.00109695722257719,-0.00443398656305671,-0.00730483845141272,-0.00973634803004906
1.3068580334029,-0.00126377119325608,-0.00109501236128118,-0.00465536477344219,-0.00724186462978693,-0.00929533302827199
1.30916972677451,-0.000951247900576598,-0.0010943123759386,-0.00492714765221791,-0.00784003085842855,-0.0111028863604986
1.31148142014612,-0.000776859523763803,-0.00119559620006005,-0.00540065981664473,-0.00838175638607286,-0.0120708611006677
1.31379311351772,-0.000776070219954768,-0.00133051045727939,-0.00577645395972315,-0.00883538311605836,-0.0127794235259595
1.31610480688933,-0.000932262654559228,-0.00146542471450051,-0.00606354206392989,-0.00871768242006965,-0.0115202520974412
1.31841650026094,-0.000949066392277972,-0.00156268626848277,-0.00618846560502195,-0.00882270490598192,-0.0117382210411393
1.32072819363255,-0.00105611317039348,-0.00166410841577669,-0.00596855278114017,-0.00937154792332251,-0.0143803348271706
1.32303988700415,-0.00120132620167765,-0.00175291346296635,-0.00620415737845104,-0.0100719526817272,-0.0158821973049611
1.32535158037576,-0.00133633676143417,-0.00181861366083513,-0.006681604344144,-0.0103133798930966,-0.0150029231734599
1.32766327374737,-0.00135298796865249,-0.0018843138587048,-0.00709949959554468,-0.0103541017603845,-0.0139295687394211
1.32997496711898,-0.00135496220655639,-0.0020881969911315,-0.00726902806134522,-0.0104135458401071,-0.0142365773917271
1.33228666049058,-0.00133001244825555,-0.00226743126439022,-0.00712687881791307,-0.0112625743378496,-0.0181825334898263
1.33459835386219,-0.00131254171886656,-0.00237414214046261,-0.00777156945564084,-0.0121618581496374,-0.0194233253421644
1.3369100472338,-0.00125323016373379,-0.00241544724318388,-0.00846218668913856,-0.0125896545438504,-0.0188251831596287
1.33922174060541,-0.00125000158894995,-0.00247922111680055,-0.00905810222154457,-0.0129736420684292,-0.0183405222973181
1.34153343397701,-0.00124916299407893,-0.00257610814204501,-0.009180971031574,-0.0136421147090369,-0.0204767778789749
1.34384512734862,-0.00115464587322051,-0.00256830464187008,-0.00965504588234545,-0.0147146607057964,-0.0226583952847117
1.34615682072023,-0.00103521196221676,-0.00244544501434785,-0.0104051683987709,-0.0159025776967567,-0.0239819031545039
1.34846851409184,-0.00107108674193424,-0.00252687806183083,-0.0112402812279067,-0.0167188702091945,-0.0241065994850723
1.35078020746344,-0.00122188176219033,-0.0028041640892571,-0.0118620848178592,-0.0172757789032385,-0.0244620123578642
1.35309190083505,-0.00139232501356334,-0.00300911832128037,-0.0123862725961335,-0.0180029200853422,-0.0254212952195755
1.35540359420666,-0.00160008993444226,-0.00318157749270132,-0.0129099596065974,-0.0188066944046312,-0.0264422068796265
1.35771528757827,-0.00172850480308112,-0.00318886966256748,-0.0134619819861221,-0.0197977893635377,-0.0276268283894265
1.36002698094987,-0.00156959788897716,-0.0030246697949643,-0.0141692876841555,-0.0208728270304013,-0.0286719178230339
1.36233867432148,-0.0015578706527236,-0.0033140603160593,-0.0147518182279471,-0.0216056872448709,-0.0301598664813063
1.36465036769309,-0.00212984374912745,-0.0037322572361882,-0.0151719630050158,-0.0225234626607138,-0.031874099377239
1.3669620610647,-0.00254055932122704,-0.00388930351769101,-0.0158467704133534,-0.0238390581416139,-0.0335707957072092
1.3692737544363,-0.00223767070977469,-0.00379911209890249,-0.0165939909094117,-0.0253152285301672,-0.0363959910034146
1.37158544780791,-0.00216131614890136,-0.0037268806703521,-0.0172314985121558,-0.0268300055197237,-0.0392475590144806
1.37389714117952,-0.00238149191510581,-0.00416943801202052,-0.0179333150475305,-0.0281041139434617,-0.0421075828864342
1.37620883455112,-0.0026928967326565,-0.00445027828692091,-0.0184840290298043,-0.0299213027028147,-0.046524592634493
1.37852052792273,-0.00327647459803584,-0.00477783666785569,-0.0192084307685541,-0.0327229998042213,-0.0531583180082466
1.38083222129434,-0.00324843664637373,-0.00494599339115442,-0.0204922474519202,-0.0370427737916641,-0.0638672565226946
1.38314391466595,-0.00295252294240607,-0.00508821051816444,-0.0215057504662433,-0.0431081349099989,-0.0818086913024892
1.38545560803755,-0.00322009741637975,-0.00553069279768792,-0.0222935848636521,-0.0527971791774355,-0.112226476075468
1.38776730140916,-0.00352679161776565,-0.00613473340015869,-0.0233152795913592,-0.069596379453829,-0.165932672589954
1.39007899478077,-0.00345692597553588,-0.00639054231102953,-0.0246875324363103,-0.0992559606591978,-0.260913145205235
1.39239068815238,-0.00283269165550414,-0.00667677632223374,-0.0268039234740485,-0.145935985934883,-0.41135060979956
1.39470238152398,-0.002780941468275,-0.00655185277650538,-0.0285952604370792,-0.212051914078859,-0.624737449613061
1.39701407489559,-0.00296387858382455,-0.00658285243584089,-0.0312133687473164,-0.292262879639919,-0.882173553888242
1.3993257682672,-0.0031999339404357,-0.00697362451201489,-0.035112756047937,-0.376097111033947,-1.14846137141665
1.40163746163881,-0.00239358911048206,-0.00725623530836472,-0.0418187807882493,-0.456453267400484,-1.39593290031711
1.40394915501041,-0.00220186709633203,-0.00730256317900313,-0.0519764138898289,-0.530201956491759,-1.60777687837895
1.40626084838202,-0.00247665791310757,-0.00758124797039539,-0.0693396280396241,-0.596096216935933,-1.76928125085897
1.40857254175363,-0.00345844283205064,-0.00826006824913961,-0.0981646710870612,-0.655565065373691,-1.87105312708825
1.41088423512524,-0.00368585010340496,-0.00869265542363706,-0.145207082387347,-0.710340452295924,-1.89765051621999
1.41319592849684,-0.00312597953411122,-0.00918317589676754,-0.212455715132217,-0.761577338971221,-1.84739010004843
1.41550762186845,-0.00282528827671889,-0.00939420271936164,-0.292309347142361,-0.81130958324602,-1.74872821528256
1.41781931524006,-0.00419553524554659,-0.00988763779205648,-0.375351264486403,-0.861137178718518,-1.63685016720198
1.42013100861167,-0.00578863449631848,-0.01106747049774,-0.455514370142751,-0.911706535707622,-1.5387621195752
1.42244270198327,-0.00573845833362318,-0.0118874585069921,-0.529173942861291,-0.963701168902031,-1.46963319494321
1.42475439535488,-0.00550611292279668,-0.0121552349076586,-0.595123571633567,-1.01755393415666,-1.43087730744955
1.42706608872649,-0.00603814771195947,-0.0126627468457956,-0.654287987445707,-1.0732384763584,-1.41976798917788
1.4293777820981,-0.00761148053839241,-0.0137033475949613,-0.708316284661593,-1.1306322460763,-1.4307514820068
1.4316894754697,-0.00878513506512213,-0.0148331465768532,-0.759326289694228,-1.18953437457598,-1.45799651824051
1.43400116884131,-0.00876367452265817,-0.0154234341939556,-0.809127888822837,-1.24980498352376,-1.49478453894027
1.43631286221292,-0.00832166600827333,-0.0159704605851934,-0.858847099118104,-1.31122590736528,-1.53650028425333
1.43862455558452,-0.00886275143733952,-0.0177710861093336,-0.909514291729856,-1.37342288059955,-1.57952657348868
1.44093624895613,-0.00955196103220968,-0.0201421875966075,-0.961695700219128,-1.43626740364589,-1.62122500683961
1.44324794232774,-0.009615443847013,-0.0231751783154861,-1.0157079320377,-1.49921377181025,-1.66083153991959
1.44555963569935,-0.00956989052279218,-0.0278400427427616,-1.07137733611146,-1.56122341505588,-1.69749547429607
1.44787132907095,-0.00974030902393774,-0.0365869518376174,-1.12881955186295,-1.62025574818929,-1.73143863346116
1.45018302244256,-0.0106530329694472,-0.0519635455644289,-1.18763344844529,-1.67372639506488,-1.76264940147511
1.45249471581417,-0.0118232283169579,-0.0784097447378569,-1.24794718090657,-1.71699651386537,-1.79116700500021
1.45480640918578,-0.013308922946267,-0.121491848082786,-1.30946322934369,-1.74431109353034,-1.81721815838778
1.45711810255738,-0.0156358900051196,-0.184825266040617,-1.37194983476992,-1.75222208413315,-1.84090790047961
1.45942979592899,-0.0194123277171202,-0.262192261660235,-1.43478195652364,-1.74678844919428,-1.86237294494752
1.4617414893006,-0.0260236610538701,-0.344920050476016,-1.49702288402336,-1.73677564004116,-1.88181595247563
1.46405318267221,-0.0370240565868513,-0.425671220877165,-1.55749377688815,-1.72948475081449,-1.8994236389941
1.46636487604381,-0.0557958698578166,-0.49984481905484,-1.61387116837001,-1.72956382660296,-1.91521724145684
1.46867656941542,-0.0892900317528898,-0.567206558993511,-1.66134069295284,-1.73745687995992,-1.92974687069903
1.47098826278703,-0.145959424754265,-0.629302584401731,-1.69435853941104,-1.75183399196155,-1.94251996685271
1.47329995615864,-0.228913924813282,-0.687560594763231,-1.71074955001111,-1.77160569459546,-1.95466491978784
1.47561164953024,-0.334059443254103,-0.744344549215717,-1.71367111037255,-1.79447981686228,-1.96543777606157
1.47792334290185,-0.44780355695902,-0.801439896166858,-1.71273039849773,-1.81904681723862,-1.97573354590982
1.48023503627346,-0.558828905327573,-0.859866591176839,-1.71582426196413,-1.8443699975403,-1.98587414205858
1.48254672964507,-0.660856070027591,-0.922084991193417,-1.72837807045856,-1.86909201863232,-1.99608138022638
1.48485842301667,-0.751311285262974,-0.98796639384251,-1.75357159292757,-1.89530696745431,-2.00829726193173
1.48717011638828,-0.840223059235618,-1.06444402040519,-1.79074331339801,-1.92478830008906,-2.03035677687529
1.48948180975989,NaN,NaN,NaN,NaN,NaN
