QFLS_eV,alpha_1e+04_to_5e+04,alpha_5e+04_to_1e+05,alpha_1e+05_to_5e+05,alpha_5e+05_to_1e+06
0.9,NaN,NaN,NaN,NaN
0.902311693371607,-0.248463769306606,0.520315894884484,-0.479856892752324,-0.524031793785827
0.904623386743215,-0.245308094005665,0.480638108031484,-0.48251621951417,-0.526307951813286
0.906935080114822,-0.242138803780372,0.442264377827277,-0.485462646798921,-0.524099008528439
0.90924677348643,-0.238794138752026,0.403726306186671,-0.487007480996635,-0.52285055198538
0.911558466858037,-0.235403045476906,0.365722604942488,-0.488238772975352,-0.520604528833239
0.913870160229644,-0.231283565135149,0.326108375835837,-0.488798276506799,-0.519105578953698
0.916181853601252,-0.226812104407874,0.285753603264073,-0.489523594427653,-0.51830393131231
0.918493546972859,-0.22235028510269,0.247786162345755,-0.491170964232661,-0.517842705218931
0.920805240344467,-0.217790754789897,0.210235332726043,-0.493327648035033,-0.518308698465268
0.923116933716074,-0.213250762531368,0.173609591264609,-0.496263698567774,-0.515280453107345
0.925428627087681,-0.209131108908989,0.138118716557149,-0.497785641448008,-0.513296506419267
0.927740320459289,-0.205285067613439,0.106582449524358,-0.499542408425278,-0.510801855967797
0.930052013830896,-0.201763874981191,0.0767948834968937,-0.49961314173613,-0.511264651620488
0.932363707202504,-0.198331287679986,0.0475387550528135,-0.49874587920202,-0.511944289840638
0.934675400574111,-0.194392024511459,0.0176256820419436,-0.497154385210822,-0.513638127490888
0.936987093945718,-0.190645250632228,-0.0105544728869831,-0.495900318899231,-0.516380711393917
0.939298787317326,-0.186844218603988,-0.0364730704247612,-0.495974389809574,-0.517717276055466
0.941610480688933,-0.182556804906551,-0.0616242769127849,-0.497119955287825,-0.519982175451947
0.943922174060541,-0.178629760174431,-0.0841965617657397,-0.499681909284451,-0.518344729421194
0.946233867432148,-0.174920971799715,-0.104870455008432,-0.501755830311001,-0.516923701346251
0.948545560803756,-0.171608301768415,-0.123979211483382,-0.503397443012661,-0.51519787008697
0.950857254175363,-0.168972497976682,-0.14285862008185,-0.50333248081006,-0.515061211252303
0.95316894754697,-0.166749129653218,-0.160306791183369,-0.502781629829048,-0.515036529708672
0.955480640918578,-0.163876263970862,-0.180436092330529,-0.500911531755758,-0.515612342257787
0.957792334290185,-0.161067224613267,-0.200385786539267,-0.498697295632268,-0.517847289098237
0.960104027661792,-0.158438579183459,-0.217500898866906,-0.498041811435312,-0.518283125220205
0.9624157210334,-0.155706795310082,-0.232525641451901,-0.498448106614159,-0.5207355415558
0.964727414405007,-0.152926164695881,-0.244583870088141,-0.500706461008916,-0.519757064275213
0.967039107776615,-0.150625528776796,-0.254267760491693,-0.50286463036379,-0.518272638240791
0.969350801148222,-0.148445720592398,-0.262697162439408,-0.504689801369242,-0.517127639250406
0.97166249451983,-0.146671268147455,-0.270811498396418,-0.505189693372433,-0.516974504724411
0.973974187891437,-0.145844505790817,-0.277619738907783,-0.50529001734098,-0.516761247899834
0.976285881263044,-0.144157425559358,-0.289353488262614,-0.503948118807425,-0.516931009596567
0.978597574634652,-0.142702020428279,-0.300056576420688,-0.502451247686453,-0.518777679575891
0.980909268006259,-0.141101030378346,-0.309437739929317,-0.502426646003063,-0.518553680705576
0.983220961377867,-0.139446201898684,-0.317141332008885,-0.502675153707801,-0.520782152749193
0.985532654749474,-0.137420078162486,-0.323382967580941,-0.50443164001111,-0.519803481687512
0.987844348121081,-0.135622737311133,-0.327841032769094,-0.505937010414605,-0.517957429772163
0.990156041492689,-0.134187915742824,-0.33149138755973,-0.506760935271245,-0.517358051987522
0.992467734864296,-0.133576085913277,-0.335414881314846,-0.506704165999114,-0.517574825831202
0.994779428235903,-0.133793244346113,-0.338553244091174,-0.506333723652619,-0.518444033868406
0.997091121607511,-0.133914408354435,-0.344462647890295,-0.505161651729645,-0.519706878384207
0.999402814979118,-0.133154923289176,-0.350658106943282,-0.503906418736374,-0.522547020030681
1.00171450835073,-0.131709401632243,-0.355799503210713,-0.504161100285616,-0.523065351985224
1.00402620172233,-0.128854652046352,-0.359606034777832,-0.504773931509839,-0.524517113118562
1.00633789509394,-0.125175777825672,-0.362616698426616,-0.506031279815007,-0.521911381399817
1.00864958846555,-0.124064423117609,-0.363461766710869,-0.507426771948203,-0.5187075479554
1.01096128183716,-0.124238905570049,-0.364315885917636,-0.50787562425254,-0.516445595306619
1.01327297520876,-0.125611205814415,-0.363443103626661,-0.507847109707678,-0.516249686566777
1.01558466858037,-0.127256100974208,-0.363806338242144,-0.507345959250677,-0.517751460954168
1.01789636195198,-0.127672537000719,-0.36726881182868,-0.505945154501597,-0.522457730536632
1.02020805532359,-0.126826141181698,-0.370765485407363,-0.505802519968201,-0.528503135310269
1.02251974869519,-0.124724861499293,-0.376167336416364,-0.505762233819646,-0.536303537575772
1.0248314420668,-0.122182491804317,-0.38052696240871,-0.506407596474074,-0.541952317502928
1.02714313543841,-0.120514032835696,-0.382539177017389,-0.507264017231311,-0.540775669673783
1.02945482881001,-0.120469044319188,-0.381068195664754,-0.507782451963378,-0.540946156721549
1.03176652218162,-0.122886706527667,-0.375854444662607,-0.507603171502407,-0.540076413878571
1.03407821555323,-0.128298433525655,-0.36451859720423,-0.507931941923843,-0.537533853117759
1.03638990892484,-0.131919138179545,-0.358837051071345,-0.508501241788854,-0.534902805976914
1.03870160229644,-0.132611055545988,-0.361614749170621,-0.509258743742601,-0.532012237230379
1.04101329566805,-0.131739555100474,-0.364850165450638,-0.511907907385694,-0.524703881096002
1.04332498903966,-0.13035079739867,-0.367777347097566,-0.513909187926659,-0.518686945794261
1.04563668241127,-0.128704553438249,-0.369785272860174,-0.515143589336693,-0.51642171176704
1.04794837578287,-0.12670090941001,-0.370760615690564,-0.516666499964217,-0.512611188703731
1.05026006915448,-0.12526919502205,-0.371596109687955,-0.516766742710378,-0.51100611649911
1.05257176252609,-0.124795472820635,-0.372152362312353,-0.516273200000421,-0.510505497600124
1.0548834558977,-0.12571522955662,-0.372670718284964,-0.514820446275191,-0.512058797733026
1.0571951492693,-0.12724145740574,-0.373657978490974,-0.512989225828454,-0.511898828804611
1.05950684264091,-0.128496177086345,-0.374572633289654,-0.512597507347442,-0.511441738382062
1.06181853601252,-0.128860290442447,-0.375272722652206,-0.513530463203858,-0.508911360136939
1.06413022938413,-0.128036977685751,-0.376226561116749,-0.514062791944617,-0.508013653834551
1.06644192275573,-0.127423248683333,-0.376196880282349,-0.51421414341525,-0.510677162429873
1.06875361612734,-0.126191712310882,-0.37747000978528,-0.514102722149409,-0.511175360901034
1.07106530949895,-0.125438676542556,-0.380265998461912,-0.512588205413567,-0.512743209202537
1.07337700287056,-0.125943612259147,-0.384129644430314,-0.509647369233716,-0.513799494468307
1.07568869624216,-0.127213789917073,-0.387873862884191,-0.506481096462464,-0.514359718301278
1.07800038961377,-0.128995587016737,-0.391632403025105,-0.503073060804905,-0.51314794517579
1.08031208298538,-0.130158276880571,-0.39285195319856,-0.501603018446457,-0.511593407639936
1.08262377635698,-0.129721955741031,-0.39311777772126,-0.502092785457399,-0.51034937673835
1.08493546972859,-0.127987864300254,-0.395441176815912,-0.503706646058329,-0.508836127423003
1.0872471631002,-0.124528317729502,-0.399637242138725,-0.506343825879048,-0.508294945704025
1.08955885647181,-0.120591163541423,-0.403934678414108,-0.50866319957859,-0.506956611047418
1.09187054984341,-0.116572214745256,-0.411067975121799,-0.509037731633931,-0.508090926978692
1.09418224321502,-0.114727093488822,-0.415865172135383,-0.5077516564699,-0.5092567215407
1.09649393658663,-0.11663726251031,-0.411858756440174,-0.506153346307171,-0.511474952013033
1.09880562995824,-0.119656498188806,-0.407966211438408,-0.503709968748752,-0.512343486856111
1.10111732332984,-0.124004161041811,-0.403609973791368,-0.500714548708399,-0.51238162755954
1.10342901670145,-0.127338784866631,-0.398256201332209,-0.499510071876271,-0.511947719273178
1.10574071007306,-0.128088816741992,-0.397899111980959,-0.49896413086632,-0.511360969728714
1.10805240344467,-0.124984716470316,-0.400345650222507,-0.500711511326958,-0.511657328827822
1.11036409681627,-0.119849151310065,-0.405185985620112,-0.50379610289061,-0.510229783489274
1.11267579018788,-0.116864564694775,-0.409123392354479,-0.505745785297261,-0.508943620027273
1.11498748355949,-0.116481541664829,-0.408966266531944,-0.506202908749128,-0.507336583583767
1.1172991769311,-0.11861962827039,-0.405199860348042,-0.505547738838801,-0.507254828535953
1.1196108703027,-0.123246562082477,-0.396632752901111,-0.503865883651655,-0.50714683222766
1.12192256367431,-0.126399117821052,-0.394119741590451,-0.500888177887773,-0.50806295287499
1.12423425704592,-0.130175622120283,-0.387715786658241,-0.498994070708178,-0.508961886061989
1.12654595041753,-0.13189162398223,-0.38462996773643,-0.498060594927183,-0.508788906820982
1.12885764378913,-0.127576223685892,-0.391859519069964,-0.498576906636545,-0.509726857006112
1.13116933716074,-0.123838305653763,-0.396570531352295,-0.500339767252019,-0.509026399117584
1.13348103053235,-0.122127753697525,-0.396916630587235,-0.501765055755619,-0.507257470812058
1.13579272390396,-0.120850314412918,-0.397538636920831,-0.502974837155283,-0.506224510695012
1.13810441727556,-0.11993370539004,-0.399067271882875,-0.502445389862386,-0.506360535428044
1.14041611064717,-0.120357079182886,-0.398228921178284,-0.501968672891414,-0.50535171489465
1.14272780401878,-0.121842432567507,-0.396834453211237,-0.499848692175388,-0.505556108774536
1.14503949739038,-0.122864763600535,-0.395530047996312,-0.498175796152381,-0.505588313325268
1.14735119076199,-0.12448836833199,-0.3903671116256,-0.497773738694474,-0.505023963162183
1.1496628841336,-0.124720625406415,-0.387664639110713,-0.497533445162015,-0.505470552413982
1.15197457750521,-0.124353124476956,-0.386548979164652,-0.498560486950623,-0.505133842807861
1.15428627087681,-0.125509310998481,-0.383418630765854,-0.499579100176098,-0.503151772494801
1.15659796424842,-0.124642702905568,-0.385144360376365,-0.500131824623604,-0.501402877550126
1.15890965762003,-0.123934074829135,-0.387292364694108,-0.499375790368533,-0.501721205736604
1.16122135099164,-0.123279919771068,-0.388066601213773,-0.498602805817277,-0.500581657444158
1.16353304436324,-0.121883085318778,-0.390052694818513,-0.496810346323316,-0.500304532687292
1.16584473773485,-0.120078914090289,-0.39066510767426,-0.495381547649507,-0.500100236386958
1.16815643110646,-0.11813972331863,-0.389369740555092,-0.494681605006646,-0.499564045965471
1.17046812447807,-0.116627914999823,-0.386425501477625,-0.494517246238349,-0.499359686705533
1.17277981784967,-0.116743009393669,-0.383777476607978,-0.494946938773495,-0.498310196420242
1.17509151122128,-0.117290826083442,-0.381116824140773,-0.495346293135855,-0.496041448562958
1.17740320459289,-0.117542127251151,-0.380151979145893,-0.495332783873532,-0.493778247319485
1.1797148979645,-0.117246248835697,-0.380401003154266,-0.494452521189263,-0.493260015965275
1.1820265913361,-0.116635141430128,-0.381786088100289,-0.493288717672525,-0.493276688404068
1.18433828470771,-0.116029051495708,-0.384927474809723,-0.491762634258031,-0.493130121971074
1.18664997807932,-0.115168511071883,-0.387121390607727,-0.490138484981603,-0.494290259013823
1.18896167145093,-0.114715120219403,-0.387449517763328,-0.489275644000083,-0.495741686148096
1.19127336482253,-0.114674371194423,-0.385663140962551,-0.489135139802712,-0.495947895671417
1.19358505819414,-0.116523756853595,-0.382944530538818,-0.489064504354929,-0.493670694841762
1.19589675156575,-0.118644945859924,-0.379644588841586,-0.489487696757448,-0.489314435898249
1.19820844493735,-0.120336602338106,-0.377054310401318,-0.488615874431435,-0.487909902939401
1.20052013830896,-0.120736969761614,-0.376323186406669,-0.486966559034848,-0.486815806015146
1.20283183168057,-0.121049431413862,-0.376977973342786,-0.485474134357657,-0.485582416593643
1.20514352505218,-0.12040883768689,-0.379734032383288,-0.483772703262194,-0.483329670209
1.20745521842378,-0.11931748536949,-0.383320257119303,-0.481981024192155,-0.480380419588325
1.20976691179539,-0.118428426024218,-0.384778068308022,-0.481205811135783,-0.476553072818574
1.212078605167,-0.11714167739505,-0.383300018796627,-0.481645654268284,-0.471403352129377
1.21439029853861,-0.117225058503448,-0.38009403170354,-0.482275751878594,-0.464913985560774
1.21670199191021,-0.11772979977628,-0.376116573473002,-0.482351183109575,-0.458825809283396
1.21901368528182,-0.119358329426777,-0.370941480161349,-0.481456639613748,-0.453564906581115
1.22132537865343,-0.120778356871474,-0.366693509202704,-0.479179318650415,-0.450007573351129
1.22363707202504,-0.122275257446619,-0.364280819102159,-0.47695297912664,-0.446404182678553
1.22594876539664,-0.123311344072691,-0.363826944682295,-0.474460253091005,-0.441223929299539
1.22826045876825,-0.12371752107192,-0.364243960146935,-0.471282965514051,-0.436953667769704
1.23057215213986,-0.123512922149505,-0.363228673894305,-0.468629735311156,-0.433359622784887
1.23288384551147,-0.121625107813405,-0.365591026659164,-0.465610858743717,-0.428939001231814
1.23519553888307,-0.119703668965056,-0.368653445633827,-0.4628969463007,-0.424782345536821
1.23750723225468,-0.118567402571883,-0.370913277477936,-0.460161067732553,-0.421148455642269
1.23981892562629,-0.117929149872346,-0.375567668603206,-0.456622035129644,-0.415431560818487
1.2421306189979,-0.117533828938406,-0.379395151444023,-0.452386365294106,-0.411210801590508
1.2444423123695,-0.11846441203969,-0.380538633027984,-0.447913914824104,-0.406927812480832
1.24675400574111,-0.119798181017735,-0.379520623546869,-0.443523755527061,-0.401800886865406
1.24906569911272,-0.12129472680206,-0.376159048030025,-0.438956072915268,-0.397813415526943
1.25137739248433,-0.121639276873099,-0.373591340251794,-0.434682969890836,-0.392845612896868
1.25368908585593,-0.120816690152662,-0.370108082873983,-0.431502404120125,-0.38743568525827
1.25600077922754,-0.119428685922188,-0.365836400742372,-0.429180510527785,-0.382152891769299
1.25831247259915,-0.118076592690607,-0.363847863895483,-0.426554190120841,-0.376614469356443
1.26062416597075,-0.116633399834183,-0.361895342505062,-0.42416725298247,-0.370347677726438
1.26293585934236,-0.115914498156958,-0.359939999781111,-0.42149317060338,-0.364760000429078
1.26524755271397,-0.115220824878201,-0.359150810236727,-0.41807131002108,-0.359048775567996
1.26755924608558,-0.115086414284616,-0.357270528770396,-0.413854438108989,-0.353740939277107
1.26987093945718,-0.115466132544,-0.355154438551134,-0.408700598918816,-0.34926294835088
1.27218263282879,-0.115604289088327,-0.353782085655082,-0.402844240541943,-0.344203084643299
1.2744943262004,-0.115162997665419,-0.350721624046289,-0.397680090914165,-0.339037223056582
1.27680601957201,-0.113946508648968,-0.348153530122193,-0.392498800680324,-0.334527498212664
1.27911771294361,-0.112362295542567,-0.346481608057227,-0.387269001135035,-0.329796917877757
1.28142940631522,-0.111547424323815,-0.343352241390115,-0.382467223872249,-0.324395795081627
1.28374109968683,-0.110557738453153,-0.340437116207328,-0.378068280046273,-0.320346211779706
1.28605279305844,-0.109562115049669,-0.337242267948889,-0.373466879747762,-0.3159135249064
1.28836448643004,-0.109227209009241,-0.333559949533179,-0.369237464005675,-0.310125095519281
1.29067617980165,-0.108712594811644,-0.329710132092479,-0.364950829891126,-0.305193727972241
1.29298787317326,-0.108280551174806,-0.325807363099314,-0.359696505947257,-0.302281091330349
1.29529956654487,-0.108173915834339,-0.321218143223683,-0.354153269819323,-0.299025500634543
1.29761125991647,-0.106510648349785,-0.319472564507387,-0.348546963832888,-0.29542656538968
1.29992295328808,-0.104581179839762,-0.31643480263447,-0.343085519897229,-0.292410299093782
1.30223464665969,-0.10388105609719,-0.312645879611599,-0.337881607879567,-0.289694598565484
1.3045463400313,-0.102716999565037,-0.308709005709542,-0.333063874179721,-0.286025472233347
1.3068580334029,-0.101369345574969,-0.305399306122164,-0.327824449289787,-0.28472020196329
1.30916972677451,-0.100423639933305,-0.300598756292547,-0.323493202981353,-0.281611351348671
1.31148142014612,-0.0994662087053356,-0.296170238509106,-0.319445703612635,-0.278507463389521
1.31379311351772,-0.0983677148072374,-0.291722682369502,-0.31518238472978,-0.276968466021567
1.31610480688933,-0.0974913959937875,-0.286995387222505,-0.310963300113503,-0.274332967476855
1.31841650026094,-0.0965611185898304,-0.28181402015214,-0.307507817683692,-0.271530818525641
1.32072819363255,-0.0953764978847451,-0.277413707641974,-0.30348955210526,-0.271083560927694
1.32303988700415,-0.0934540692866285,-0.274550874743243,-0.299200631829241,-0.270507922708536
1.32535158037576,-0.0915047259178718,-0.271524549769626,-0.295078472025481,-0.270061182725419
1.32766327374737,-0.0900441454731285,-0.26724176519093,-0.291707667735639,-0.268105990948318
1.32997496711898,-0.0888228847237414,-0.263432077033052,-0.287946288749521,-0.269114654547255
1.33228666049058,-0.0874518122177598,-0.25962784309571,-0.285023853367914,-0.268826130483227
1.33459835386219,-0.0859838775509082,-0.255779419505097,-0.28243016814726,-0.265435134930029
1.3369100472338,-0.0845795428218802,-0.25174205726005,-0.279371700052727,-0.268418008191772
1.33922174060541,-0.0835519139667862,-0.247262747415806,-0.27716313212858,-0.26675991439938
1.34153343397701,-0.0822067170714081,-0.243083195877635,-0.275295989920426,-0.266291398965968
1.34384512734862,-0.0810074638227799,-0.238897953394147,-0.272878032977164,-0.269635722078244
1.34615682072023,-0.0799382361551668,-0.234067105065276,-0.271790658276312,-0.267407447081513
1.34846851409184,-0.0785009714889136,-0.23076655049067,-0.270421348441548,-0.268608775163228
1.35078020746344,-0.0767696501872202,-0.22962643250494,-0.268644188535979,-0.27181699792047
1.35309190083505,-0.0754302392285279,-0.227935475855593,-0.266862953574259,-0.273702206280559
1.35540359420666,-0.0742189107762413,-0.225586675100712,-0.265387841326251,-0.276011712824778
1.35771528757827,-0.0730739277398798,-0.223346772584061,-0.264923253582662,-0.277279092388875
1.36002698094987,-0.0721559818617161,-0.221181311641849,-0.263224515119811,-0.281445435486898
1.36233867432148,-0.0716099015348806,-0.218329437102541,-0.263817888252038,-0.281749980029258
1.36465036769309,-0.0706916715966164,-0.216631950082831,-0.263296541823528,-0.285115559862767
1.3669620610647,-0.0700580108968382,-0.21413642139151,-0.262647415791412,-0.288538227516145
1.3692737544363,-0.0695089664063242,-0.211049706114154,-0.264039057322339,-0.289346212076603
1.37158544780791,-0.0688827874911744,-0.209131230719342,-0.264067434120201,-0.292999774341756
1.37389714117952,-0.0681658460468717,-0.206903006916918,-0.264916593618948,-0.294036775753717
1.37620883455112,-0.0676274951178493,-0.203880757682408,-0.266879792545015,-0.293651495455576
1.37852052792273,-0.0670641719503069,-0.203622588479039,-0.267326641694859,-0.295088397617284
1.38083222129434,-0.066360231470038,-0.204325217803565,-0.267787274126909,-0.296400248992768
1.38314391466595,-0.0656234329903334,-0.2042720672762,-0.268788669230396,-0.297291665356576
1.38545560803755,-0.0651880866767826,-0.203663995509889,-0.270265479484879,-0.296781762792105
1.38776730140916,-0.0645899954777192,-0.203743139433195,-0.271965567636576,-0.295162126667607
1.39007899478077,-0.0641150916017016,-0.203806674010003,-0.273445889043376,-0.291035304261247
1.39239068815238,-0.064340738450531,-0.202032257248933,-0.276154356979193,-0.283069108695835
1.39470238152398,-0.0630996007721568,-0.20400533965465,-0.277804457309064,-0.27208454548281
1.39701407489559,-0.0633459455337317,-0.203083422930915,-0.279113642950237,-0.266013001335261
1.3993257682672,-0.0637211221128881,-0.199941192798786,-0.282046151365507,-0.426659125250036
1.40163746163881,-0.0629124551373421,-0.203087456595214,-0.282485516310932,-1.46624208671093
1.40394915501041,-0.0632415718547363,-0.201519509266273,-0.283324404398508,-2.57510465651674
1.40626084838202,-0.0634364789194729,-0.200194026922089,-0.283888670404943,-3.26688417014102
1.40857254175363,-0.0634945963628057,-0.204075418606837,-0.281914284892589,-3.72678245600301
1.41088423512524,-0.0636522023915275,-0.207255135513918,-0.279298512412863,-4.06524823712848
1.41319592849684,-0.0637990124398801,-0.207987927730424,-0.275095290952035,-4.3356259430158
1.41550762186845,-0.0641249108256349,-0.210164903956725,-0.274058072166553,-4.55675665577841
1.41781931524006,-0.0645259222264267,-0.211415225879031,-0.350941859170241,-4.57494326115505
1.42013100861167,-0.0644036815290773,-0.213522279871139,-0.81111904450776,-3.69263482496847
1.42244270198327,-0.0650374776237046,-0.215815565516296,-1.28165775306528,-2.78417055989852
1.42475439535488,-0.0657997242419597,-0.216276497688005,-1.57528081508018,-2.2857754112142
1.42706608872649,-0.0654319073943548,-0.218473564204531,-1.77038533652232,-2.01892349451623
1.4293777820981,-0.067030081566062,-0.219959110936169,-1.91121924816668,-1.87858173794897
1.4316894754697,-0.0671045552015777,-0.220306665454207,-2.02187391649867,-1.81131734902251
1.43400116884131,-0.0669305433638566,-0.221863139625833,-2.11481595050918,-1.78736790306015
1.43631286221292,-0.067357811431498,-0.223345019267827,-2.19843908872514,-1.78702248128537
1.43862455558452,-0.0678155968900807,-0.224955255648409,-2.27794907987307,-1.79816195379948
1.44093624895613,-0.0684598748738418,-0.225713272987223,-2.35645660805957,-1.81352755072311
1.44324794232774,-0.0691003900699285,-0.226427641059122,-2.435435135452,-1.82976857207776
1.44555963569935,-0.0697465509637526,-0.225772100270373,-2.51564677970876,-1.84558106045756
1.44787132907095,-0.070498052725236,-0.223704731347766,-2.5973692758631,-1.86054131152122
1.45018302244256,-0.0710061705299999,-0.22003228466104,-2.68086637986501,-1.87464573402458
1.45249471581417,-0.0711767635466202,-0.214115809357172,-2.76648281372822,-1.88792417576652
1.45480640918578,-0.0710547687523806,-0.204816574511404,-2.85466067181936,-1.90034908429055
1.45711810255738,-0.0710937463666035,-0.192552049774639,-2.94531693427234,-1.91200021116406
1.45942979592899,-0.0708800782846385,-0.213874277539749,-3.02286369883655,-1.92291047730761
1.4617414893006,-0.0701523927330067,-0.696617706520548,-2.90329490341197,-1.93308550233237
1.46405318267221,-0.0688426485784398,-1.9510913691327,-2.45328155583787,-1.94266798225994
1.46636487604381,-0.0665437836175435,-2.85386783680797,-2.15728603997584,-1.95163148337266
1.46867656941542,-0.0629150812402405,-3.43010521889362,-2.0053482774377,-1.9595298789591
1.47098826278703,-0.0579278190011354,-3.84244934648227,-1.92771233869059,-1.96775174241233
1.47329995615864,-0.0570379306660056,-4.1540638914217,-1.89259141821859,-1.97498137241389
1.47561164953024,-0.146539977460703,-4.21324795011021,-1.88038333553694,-1.98228146603786
1.47792334290185,-0.623548881579223,-3.3560213226246,-1.88116596579447,-1.98949089339008
1.48023503627346,-1.08743963499926,-2.53363089689568,-1.88908249554075,-1.99634323317718
1.48254672964507,-1.38768822346278,-2.11363404296044,-1.90003077656178,-2.00427303567507
1.48485842301667,-1.60592916324553,-1.9185125045437,-1.9120780491367,-2.01450055636171
1.48717011638828,-1.72699809812903,-1.84561209298018,-1.92636897370687,-2.03415221896961
1.48948180975989,NaN,NaN,NaN,NaN
