QFLS_eV,simulation_results-shallow-plateau_alphas-mu-1,simulation_results-shallow_photodoping_alphas-mu-1,simulation_results-no-photodopgin_alphas-mu-1,simulation_results-trap-high-Nt_alphas-mu-1,simulation_results-trap-low-Nt_alphas-mu-1
0.9,NaN,NaN,NaN,NaN,NaN
0.902311693371607,0.367442192756312,0.445150865874744,0.292292667853344,NaN,0.00085587882938043
0.904623386743215,0.367322960243979,0.447558712987236,0.297333855748147,NaN,0.00163672754505644
0.906935080114822,0.367140851464382,0.448654628186277,0.301126612899717,NaN,0.00146885005895244
0.90924677348643,0.366978193249779,0.446738676297192,0.304737623227912,NaN,0.00130097257284588
0.911558466858037,0.366878556134222,0.446443040279071,0.307921277450449,0.00889853366380233,0.00113309508674031
0.913870160229644,0.366912662574325,0.451805893245034,0.311057925953377,0.0100227746498701,0.000965217600633751
0.916181853601252,0.367050524365678,0.458814983048084,0.314391945890689,0.0100570494545837,0.000446824686407143
0.918493546972859,0.367300388092075,0.468509469895981,0.317788152923286,0.0100913242592962,0.000351258700707218
0.920805240344467,0.367798924154071,0.479613019538193,0.321484659460197,0.00677157471682134,0.000255692715007935
0.923116933716074,0.367827014293472,0.48836804409427,0.324385092936558,0.00658997166382759,0.000208641291958264
0.925428627087681,0.368207223093709,0.492188414235503,0.327168068632183,0.00661641417363439,0.000201614396130823
0.927740320459289,0.368033877720453,0.495030085472451,0.329500599759599,0.00664285668344144,0.000197229942834314
0.930052013830896,0.367494371027569,0.495278347195504,0.332031098366339,0.00666929919324655,0.000192845489538496
0.932363707202504,0.36674155315677,0.495263124569211,0.334321884424635,0.00669332305754495,0.000188461036241555
0.934675400574111,0.365859649303782,0.496615213979789,0.336581023421017,0.00670062774514205,0.000184076582946582
0.936987093945718,0.365373225948549,0.499946681993548,0.339064135791267,0.00670793243273857,0.000181191524309128
0.939298787317326,0.365494853499838,0.50377189940645,0.341261969513706,0.00675028843412519,0.000181542088025618
0.941610480688933,0.366119126144316,0.507103266891367,0.343743265865411,0.00679864910141282,0.000180684025177419
0.943922174060541,0.366314062680066,0.508985592568423,0.345417071866858,0.00684700976870052,0.000169117290533847
0.946233867432148,0.36653189046972,0.508886311507738,0.346856316029457,0.00689537043598805,0.000157550555892579
0.948545560803756,0.366296883082307,0.508522751091781,0.348041517745212,0.00693876209747857,0.00015909409301984
0.950857254175363,0.365775362769334,0.508109141181229,0.349365472643703,0.006960561588348,0.00016113281309944
0.95316894754697,0.365597916771066,0.495870244329837,0.350550520963331,0.00698236107921798,0.000163171533179337
0.955480640918578,0.365592030646058,0.496291883210971,0.351625120710286,0.00700416057008764,0.000165210253259387
0.957792334290185,0.365738194455885,0.496599173780473,0.35303528125533,0.00701723098561133,0.000165477200721304
0.960104027661792,0.366268548760544,0.49675605086096,0.354133089840565,0.00702788804845346,0.000134981159619373
0.9624157210334,0.366759892605691,0.364850868253367,0.355765734046872,0.00704109251097391,6.57142038213991e-05
0.964727414405007,0.366881958623313,0.369565141050538,0.356649650985186,0.00705520502224963,3.55275197614305e-06
0.967039107776615,0.366816984993822,0.369626515390227,0.357251106994087,0.00707150714562617,7.28197077734259e-05
0.969350801148222,0.366626600902314,0.368958891827023,0.357737782690633,0.00708780926900221,0.000145565263663732
0.97166249451983,0.366828256738338,0.367270665549173,0.358211815086117,0.00710411139237792,0.000219336366828063
0.973974187891437,0.367065560223237,0.365208121094338,0.358723238714615,0.00712041351575363,0.000293107469990686
0.976285881263044,0.367254489720201,0.363146256881815,0.359231857462333,0.00715220662543535,0.000366878573154844
0.978597574634652,0.367557242623367,0.362639448756392,0.36008810716416,0.00718828892557237,0.000417711048607763
0.980909268006259,0.368590309588252,0.363492917294985,0.360608540808521,0.00719774357722576,0.000438292836759703
0.983220961377867,0.369213720135385,0.364786286808048,0.361623186502024,0.00722971793720271,0.000458874624912747
0.985532654749474,0.369663135127142,0.366815861236014,0.361922726037315,0.00727397617372546,0.000479456413064197
0.987844348121081,0.36935910453519,0.367977689073677,0.361789334656114,0.00731823441024761,0.000500038201216493
0.990156041492689,0.369584095973875,0.368512475913452,0.361815735218543,0.00736364683110847,0.00052517560332344
0.992467734864296,0.370830709613998,0.367863112564645,0.362120808683374,0.00741078360861516,0.000550568641645039
0.994779428235903,0.372105292833514,0.366618128333178,0.362695096259629,0.00745792038612124,0.000556253322775955
0.997091121607511,0.373406415942237,0.365152080670011,0.363448732654939,0.00750505716362854,0.000558161159418516
0.999402814979118,0.379311144216501,0.364250642263748,0.364324745601258,0.00755219394113402,0.000544853668488349
1.00171450835073,0.393989960479876,0.364334251538903,0.364658730802091,0.00758692515852099,0.000529716459247028
1.00402620172233,0.418405877243167,0.365080985330006,0.364696153304868,0.0077205903941745,0.000514579250004039
1.00633789509394,0.463748278491655,0.36634326141777,0.36348212641557,0.00788554538128062,0.000499442040762134
1.00864958846555,0.521699397183386,0.366882872778361,0.362762757288209,0.00805050036838618,0.000479246079278655
1.01096128183716,0.581259458696968,0.367099719207068,0.362461811649125,0.00821545535549253,0.000450200636869831
1.01327297520876,0.639593638543216,0.36665789194629,0.362764068625834,0.00838055248894819,0.000429610428673487
1.01558466858037,0.684718745024191,0.365907451617294,0.363617386989179,0.00854854630492376,0.000412509197821079
1.01789636195198,0.724921739697104,0.364979306649287,0.365008764194507,0.00871654012089856,0.000406782420783199
1.02020805532359,0.753528272625443,0.364352207069539,0.366675377110852,0.008884533936873,0.000404799184637618
1.02251974869519,0.761200749432624,0.364421419873225,0.368630270496314,0.00904759007426909,0.000402815948490407
1.0248314420668,0.75898589007129,0.364868125725683,0.369941621883176,0.00922160059676486,0.000399436237901107
1.02714313543841,0.749132845454513,0.366148624475652,0.369550258461066,0.00938479633297451,0.000386133170010424
1.02945482881001,0.722060631311373,0.366888790903548,0.369547157712337,0.00954799206918492,0.000367016202872258
1.03176652218162,0.69517665054954,0.367245949865397,0.369464429678996,0.00971118780539448,0.000347714500962388
1.03407821555323,0.675988761426221,0.367062025519929,0.369368660704782,0.0098743835416044,0.00032841279905012
1.03638990892484,0.65875146147128,0.366273310112529,0.369389383263584,0.0100381506661744,0.000313900676605387
1.03870160229644,0.64084909256396,0.365297945303255,0.369418605941313,0.0102041854509132,0.000299777857422122
1.04101329566805,0.625097955809233,0.364386320368706,0.368351054516948,0.0103510044151267,0.000291798431408965
1.04332498903966,0.609423814154418,0.363928680200206,0.367225522138062,0.0104441768793125,0.00028714437037447
1.04563668241127,0.594513386506274,0.364017334773197,0.366663613010038,0.0105373493434986,0.000292711744790079
1.04794837578287,0.587257428494203,0.365028839654528,0.365534496346833,0.0105996901911225,0.000301080758158987
1.05026006915448,0.578594858371848,0.365760729752981,0.364758989141018,0.0106520678926734,0.000309449771527915
1.05257176252609,0.565230235882573,0.366244028696865,0.364396748008101,0.0107044455942236,0.000318685393346404
1.0548834558977,0.552112344977016,0.366591683583388,0.364769697609706,0.0107568232957734,0.000349382920880501
1.0571951492693,0.542774650198821,0.366175949458511,0.36485356651072,0.010809200997324,0.000390224275338219
1.05950684264091,0.535103880725491,0.365723942655278,0.36516159068555,0.0109459092550182,0.000426784149260055
1.06181853601252,0.527385958349843,0.365265807037337,0.364972037042845,0.0111231490882994,0.000462343661747328
1.06413022938413,0.518810998375072,0.365065192844393,0.364722378066374,0.0113003889215803,0.000509118376085523
1.06644192275573,0.507539896721416,0.365183566943721,0.365245639675092,0.0114776287548628,0.000555979323365179
1.06875361612734,0.497487397317396,0.366106939022615,0.36507895325327,0.0116485092587298,0.000583101532597282
1.07106530949895,0.489756351460608,0.366421711956879,0.365144269626449,0.0118097300439734,0.000602573723144305
1.07337700287056,0.482213278254685,0.366575362854044,0.365233702337413,0.0119709508292178,0.00061082076900466
1.07568869624216,0.474865359472778,0.366683753717474,0.365376671636722,0.012112108871817,0.000614061050082658
1.07800038961377,0.468415204583691,0.366440815295515,0.365166532414703,0.0122431903965651,0.00061730133116084
1.08031208298538,0.461776937257173,0.366235459473869,0.364892949730504,0.0123837386494922,0.00060059987826653
1.08262377635698,0.456765451271973,0.366097370827041,0.364589927563008,0.0125243531721294,0.000484641003068025
1.08493546972859,0.451366931563889,0.365919102930685,0.364337918332688,0.0126649676947669,0.000367943840557593
1.0872471631002,0.441335015894745,0.365867504338117,0.364264146878988,0.012805582217404,0.000261689891288173
1.08955885647181,0.422690903685191,0.366027805933538,0.363744014746162,0.012922750283872,0.000158195714423865
1.09187054984341,0.3920814330263,0.365431371820603,0.363637205045393,0.0131075882615059,5.47015375592981e-05
1.09418224321502,0.353105589655973,0.365045354528194,0.363531659543663,0.0133332885705685,0.000106885569670288
1.09649393658663,0.31246173014852,0.36516675852144,0.363828631529875,0.0135369178430091,0.000301403086841521
1.09880562995824,0.273096027109827,0.364986914797725,0.363928699506215,0.0137441425092517,0.000487069595152335
1.10111732332984,0.242614176049053,0.365263803017994,0.364053906917865,0.0139545995891757,0.000622077528954585
1.10342901670145,0.212828836343855,0.365745593697839,0.364092670838807,0.0141650566691001,0.000756553589442376
1.10574071007306,0.186993925938828,0.366180432894333,0.363999215020675,0.0143844319927497,0.000884841487847252
1.10805240344467,0.167284781810682,0.366496617674385,0.363804713955512,0.0146791020250726,0.00100754961035807
1.11036409681627,0.147297237206214,0.367476527735947,0.363133473110822,0.0149012740346272,0.00113116188219519
1.11267579018788,0.128001825658694,0.36787224714595,0.362803879856161,0.0150838533972107,0.00122828443511898
1.11498748355949,0.11666838072697,0.368127399374819,0.362364456803149,0.0152664327597929,0.00131565972913523
1.1172991769311,0.105326645327918,0.368116882034881,0.362432994510244,0.0154501890736517,0.00136462069050031
1.1196108703027,0.0939849099288664,0.367701138958745,0.362475288516677,0.0156350864655114,0.00137772601391247
1.12192256367431,0.0823247597615596,0.367419197398904,0.362649760614552,0.0157342217160527,0.00139083133732337
1.12423425704592,0.0730763846364883,0.367135371149604,0.362866219276153,0.0158304788784403,0.00140468268503818
1.12654595041753,0.0664665026341194,0.367126519205829,0.362771737927147,0.0159248201486565,0.00141129970987423
1.12885764378913,0.0597277666030479,0.367360879810075,0.362564330341896,0.0160136763131453,0.00123313152534194
1.13116933716074,0.0529890305719777,0.368454894855758,0.362172081953696,0.0161025324776344,0.000964861889426883
1.13348103053235,0.0462502945409065,0.369300739710585,0.361570728968755,0.0162260466556336,0.000696592253511172
1.13579272390396,0.0394329576618381,0.369787204291769,0.361281017733683,0.0165550575296123,0.000461506784675143
1.13810441727556,0.0354380239048739,0.369312874546829,0.361040992817887,0.0168844774264227,0.000248071050672226
1.14041611064717,0.0314386133984646,0.367674735191458,0.360688119709089,0.0171482301085528,0.00017602335546428
1.14272780401878,0.0273590337357037,0.366453857277868,0.360485386545545,0.0174083974973081,0.000604145607855915
1.14503949739038,0.0232794540729427,0.36555603137366,0.360216360620109,0.0176362965328409,0.00103170851323729
1.14735119076199,0.0191336577408389,0.365861809556009,0.359887114543037,0.0179636337094164,0.00136161147922146
1.1496628841336,0.0150238727865242,0.366471359567417,0.359689646001706,0.0183695649863022,0.00144015203106218
1.15197457750521,0.0127094606494722,0.367755729839753,0.359629967248969,0.0187714614051015,0.00137943468057652
1.15428627087681,0.0104924076312906,0.368797037121451,0.35941494643699,0.0191085301657675,0.00132249515973936
1.15659796424842,0.00812861241461365,0.369016029408684,0.359027738924113,0.0194455989264324,0.00126270430244477
1.15890965762003,0.005738811502441,0.368362573521349,0.358917049644274,0.0197319191486775,0.00110466900228858
1.16122135099164,0.00328350661656075,0.366797099692474,0.358275364538316,0.0199643685821967,0.000808048317866258
1.16353304436324,0.000828201730681261,0.365852015797241,0.357466618378561,0.0202338183266359,0.000511427633443935
1.16584473773485,0.000748739062475046,0.364562364714804,0.356474679585269,0.0205248784310041,0.000213374981344784
1.16815643110646,0.00207287072139259,0.364282788890606,0.355324560922021,0.0208353510881307,2.18933639985167e-05
1.17046812447807,0.00360549282525469,0.364381357919177,0.35435720756913,0.0211389894365474,1.39188930129157e-06
1.17277981784967,0.00532172871197441,0.364951406644857,0.353924515196678,0.0214350319721668,2.46771426027311e-05
1.17509151122128,0.0070379645986938,0.365779378777365,0.353311598426343,0.0217310745077881,4.7962395903796e-05
1.17740320459289,0.00871776705811252,0.365849460934983,0.352688134573237,0.0219842720788401,4.32342808817762e-05
1.1797148979645,0.0100072673354115,0.365481886299908,0.352236624548944,0.0221861881648107,1.08155276378266e-06
1.1820265913361,0.0111680185496293,0.364454173608232,0.351874707533702,0.0226019904453116,3.97316796965473e-05
1.18433828470771,0.0124401869513809,0.363842309962838,0.351582210383533,0.0230710432891752,7.83558808527249e-05
1.18664997807932,0.0137183493920162,0.36328313063413,0.351401759662902,0.0235400961330394,6.8338665154653e-05
1.18896167145093,0.0149495417145789,0.363377896720029,0.351423640679477,0.0239417887532078,3.78908196100744e-05
1.19127336482253,0.0161553145437475,0.36412760487477,0.351209066872279,0.0243840700194365,1.24498798285202e-06
1.19358505819414,0.0172483857159677,0.36531068635117,0.350897833570124,0.0248967567642057,4.89063211178502e-05
1.19589675156575,0.018114625295726,0.366475173843033,0.350206043102548,0.025404274695671,0.000152833309942935
1.19820844493735,0.019061190952049,0.366786170729602,0.349859738258436,0.0258985124988469,0.000246076291559953
1.20052013830896,0.0199672487120615,0.367062592443363,0.349161925226626,0.0263453703972833,0.000339319273178304
1.20283183168057,0.0208769555121291,0.366204210185644,0.348608742665,0.0268556846690131,0.000349417680155807
1.20514352505218,0.0217866623121966,0.365631777977093,0.347661057492108,0.0273659989407433,0.000320240778691194
1.20745521842378,0.0226398173880913,0.364775686406906,0.346453702333129,0.0278803052218889,0.000323656027004379
1.20976691179539,0.0234443537278945,0.36418695580331,0.345114504399918,0.0283662505750395,0.000345895885118429
1.212078605167,0.0243076286845703,0.364080899144482,0.343282286685205,0.0287955378194271,0.000485566560316388
1.21439029853861,0.0251709036412439,0.364729037682029,0.341412175393374,0.0292248250638147,0.000534078229895783
1.21670199191021,0.0260341785979182,0.365763059505627,0.339541659432302,0.029654112308203,0.000571296928382546
1.21901368528182,0.0269413164940209,0.366060783689832,0.337852858638458,0.030111753791622,0.000591097716428335
1.22132537865343,0.0276947641820668,0.366647681719148,0.336261517708725,0.0305192414340797,0.000592500255090342
1.22363707202504,0.0283972839115512,0.366116911309349,0.334919557018994,0.0309535901798939,0.000577062566451984
1.22594876539664,0.0291165352119041,0.365784652421321,0.333172091815632,0.0314019720402604,0.000590948847626702
1.22826045876825,0.0299475848077707,0.365033417412661,0.33136084283616,0.0319249822663353,0.000622403735237652
1.23057215213986,0.0307070620373104,0.364753983470875,0.329492065306478,0.0324367482497331,0.0007083093390128
1.23288384551147,0.0314125283269258,0.364897116936648,0.327140739022367,0.0328832019742828,0.000866689937726916
1.23519553888307,0.0322927901966821,0.365297156398341,0.325016233511938,0.0334073978593751,0.00103698702785598
1.23750723225468,0.0332442043232224,0.366208238746812,0.323191769103638,0.0339220364066945,0.00113658034698101
1.23981892562629,0.0341906602088195,0.366656478616956,0.321058297818321,0.0344156265872328,0.0011029388241977
1.2421306189979,0.0351131610701761,0.366748470259236,0.319102335656402,0.0351559670323356,0.00106929730141524
1.2444423123695,0.0360286296097453,0.366457215026209,0.317191328163709,0.0359844016717528,0.00111477093178026
1.24675400574111,0.0369485475790847,0.366607956884334,0.31496046163772,0.0367296224192707,0.00122497241177042
1.24906569911272,0.0378081933654312,0.366389250056338,0.312749571674326,0.0374869804288502,0.00133517389176022
1.25137739248433,0.0386441161381892,0.365819844235614,0.310070104514265,0.0382479478274185,0.00141059647797227
1.25368908585593,0.0393604941481489,0.365299794166761,0.307074224845476,0.03890644241189,0.00149851636844307
1.25600077922754,0.0403060435539581,0.366125493462143,0.304064439405628,0.0394772111216404,0.00159863391445452
1.25831247259915,0.0411719779487985,0.367049120253848,0.301190144129517,0.0401145465157635,0.00168882093642154
1.26062416597075,0.0417461835696222,0.366996322620925,0.298166633090307,0.0408070375566303,0.00177858504465075
1.26293585934236,0.0422190755067207,0.366559604652444,0.295485319385654,0.0416171478030383,0.00193160801749551
1.26524755271397,0.0426919674438208,0.366243255119641,0.292711779343251,0.0424272580494459,0.00209409926077607
1.26755924608558,0.0430632894868271,0.366081381987528,0.28987958134446,0.043081941957339,0.00222672231633039
1.26987093945718,0.0433731421011954,0.366220932225275,0.287147652975699,0.0436935043451029,0.00229411475311625
1.27218263282879,0.0437238789022469,0.366999547685904,0.284075375558565,0.0443229892487099,0.00238254044628769
1.2744943262004,0.0442022644032637,0.36680588812949,0.280768888631856,0.044956584103777,0.00259126412368157
1.27680601957201,0.0446958090127859,0.366224732894724,0.2774242195991,0.0455499400630427,0.00279803846568472
1.27911771294361,0.0452079688430066,0.366533820616261,0.273991479425801,0.0460634116068372,0.00305158597755907
1.28142940631522,0.0457633611082935,0.366329871260196,0.270589853917215,0.0465835032408094,0.00324793626124369
1.28374109968683,0.0464111525606428,0.365191933440167,0.267618930763973,0.0471738709923855,0.00327655902944281
1.28605279305844,0.0471598034170227,0.365336023162534,0.26445601781004,0.0476618892203248,0.00328997941210516
1.28836448643004,0.0479233142135397,0.365859195421002,0.261210145480044,0.048073211482325,0.00361293566707989
1.29067617980165,0.0486493493055843,0.366290782781048,0.258090055566025,0.0485080726151308,0.00394768079299116
1.29298787317326,0.0493452977370904,0.366441015406352,0.255246378057433,0.0489736180086428,0.00400020017313209
1.29529956654487,0.0500201265428337,0.366679521572671,0.252260600330836,0.0494306288624805,0.0040673191212473
1.29761125991647,0.0506126160870243,0.366503157283655,0.248981322967325,0.0498386509173451,0.0043303160688428
1.29992295328808,0.0510463995178059,0.365645764150924,0.245648113383654,0.0501664343545953,0.00460670954423101
1.30223464665969,0.0513910357576698,0.364744239039293,0.242792390812074,0.0504980227961905,0.00485327183912607
1.3045463400313,0.05158676353125,0.36444838919094,0.239621095311085,0.0508693654388968,0.00481111297824633
1.3068580334029,0.0516530440069644,0.364537482113034,0.236960123539067,0.0510679506509096,0.00471026919720768
1.30916972677451,0.0516308667273235,0.36458717111657,0.23404082855696,0.0511890326623803,0.00518312502953206
1.31148142014612,0.0514013737811757,0.365095187164156,0.231242969965666,0.0513749927904662,0.00556514660544182
1.31379311351772,0.0509742770780148,0.365437663473872,0.22874174005193,0.0510657276269414,0.00589956825579503
1.31610480688933,0.0504881022513115,0.365519422623405,0.226009371152178,0.0505527654036987,0.00573983279010009
1.31841650026094,0.04989608007079,0.365224674717286,0.223374122313333,0.0499578848464947,0.00585222884258079
1.32072819363255,0.0490622396240543,0.363924862653492,0.221201906928444,0.0491828575219436,0.00648813142356069
1.32303988700415,0.0480135695147058,0.362406677035261,0.218855042626146,0.0482278033858387,0.00702250940595668
1.32535158037576,0.0468467869625987,0.362623753419676,0.216559510760315,0.047047612121702,0.00703057156659394
1.32766327374737,0.0454275837650544,0.362382779896826,0.214096326572654,0.0456515885117989,0.00692409438454151
1.32997496711898,0.0439113925905259,0.363090162734847,0.212433441217715,0.0440958866519177,0.00707246209817346
1.33228666049058,0.0420851861697647,0.362789703485083,0.210617330034267,0.0422083163707877,0.00803388607164695
1.33459835386219,0.0400025376134304,0.362445912975869,0.208047617612143,0.0403505846608894,0.00860868736135437
1.3369100472338,0.0376749191299256,0.361534469685448,0.207005336774801,0.0378903547955329,0.00870914035990708
1.33922174060541,0.0350521917191556,0.360980212345778,0.205067856961014,0.0351114494054487,0.00882029785860847
1.34153343397701,0.0324079791993401,0.36026628583227,0.203463557888022,0.0321726137489252,0.00942502695114195
1.34384512734862,0.0295605168767852,0.359273866453636,0.202746286604761,0.0285051354509953,0.0101502104775888
1.34615682072023,0.0262926073881308,0.359223845682984,0.200917449915533,0.0246655086594668,0.0107540612453192
1.34846851409184,0.0223313399320354,0.358282327962436,0.1999613998059,0.0205610602748823,0.0111327431451877
1.35078020746344,0.017689505770363,0.357871319233823,0.199573749550319,0.0159838218151939,0.0115251843860819
1.35309190083505,0.012141546583039,0.357259548732803,0.198907544874075,0.011218853333287,0.012042386247179
1.35540359420666,0.00600103700266226,0.357390926360734,0.198401642712573,0.00537099375884589,0.0125881056635997
1.35771528757827,0.00118611028053489,0.356577239462406,0.197942759814669,0.000793199372869408,0.013160794840947
1.36002698094987,0.00834542098815922,0.355466186910096,0.197979260409183,0.00804014116789104,0.0136616600443064
1.36233867432148,0.0160947186125654,0.354631136186462,0.197695450003299,0.0162725228782538,0.0142778605845814
1.36465036769309,0.0245938636894765,0.353086309937735,0.197909025031869,0.0251980490462434,0.0150863252056569
1.3669620610647,0.0345256225574902,0.352717985029006,0.198102330137301,0.0343984889973594,0.0159372974202189
1.3692737544363,0.0460866512868672,0.351287511381167,0.198143419263192,0.0443128457885017,0.0168683986503341
1.37158544780791,0.0575719500643865,0.350469692450397,0.19865825260025,0.0551147083955732,0.0178394519731227
1.37389714117952,0.0701252351923058,0.349166136420978,0.19865358411378,0.0678322345983962,0.0189391883609105
1.37620883455112,0.0833481753830952,0.347861672290518,0.198555375247975,0.0825430260279481,0.0204146198773379
1.37852052792273,0.0978350516768815,0.346971041149311,0.198831698968951,0.098622926297557,0.0226288119693827
1.38083222129434,0.113875791896353,0.345690795874049,0.199147248116877,0.114868422269982,0.0259193415607614
1.38314391466595,0.131011533229889,0.347741227023174,0.199402418393935,0.131325898793033,0.0308926620278604
1.38545560803755,0.148466843998541,0.388913769598685,0.199461489913563,0.148351927308242,0.0392136060661247
1.38776730140916,0.167121772242654,0.615580892285321,0.199321677203205,0.166981820720076,0.0537011713306133
1.39007899478077,0.189739562068803,0.874476618858987,0.198508014197059,0.188927536470083,0.0789408213174616
1.39239068815238,0.218211015714753,1.04883710894124,0.197055429836201,0.21842691367517,0.118719997437246
1.39470238152398,0.266593142726514,1.16931230514413,0.194474380502062,0.268439411121852,0.174943483674756
1.39701407489559,0.359157597604378,1.25705403936199,0.193233257525374,0.360880983357189,0.243039306659029
1.3993257682672,0.496458440333077,1.32457734279339,0.235603357414967,0.496759841662032,0.313968959390197
1.40163746163881,0.634610838080895,1.37703613467654,0.506335989474263,0.635265311506018,0.380770954584937
1.40394915501041,0.746946729590025,1.39815381264757,0.795026257610729,0.747984274052794,0.439891935807174
1.40626084838202,0.834185961806356,1.31013913841407,0.975095823411716,0.833866924372714,0.488955000343607
1.40857254175363,0.901398285802728,1.20535755444499,1.09469921597125,0.900777454345389,0.527300274926039
1.41088423512524,0.950520111516916,1.14350626440197,1.18247513377042,0.950035657898871,0.55311531128606
1.41319592849684,0.980689555487995,1.10916596700505,1.25179198673379,0.979967254988242,0.566746461916548
1.41550762186845,0.980710704389661,1.09125176152613,1.30941440323349,0.979902008243826,0.572913327333405
1.41781931524006,0.954312023960927,1.08363820814653,1.3359292664599,0.954098565866209,0.577484356688901
1.42013100861167,0.926884624295474,1.08415010566167,1.23521951589698,0.926953608131067,0.584567826083925
1.42244270198327,0.912732409442797,1.08953283895465,1.13088014061015,0.912911638471805,0.596026844709429
1.42475439535488,0.912520831868149,1.09992603553037,1.08360272674762,0.912980792015787,0.612243232214045
1.42706608872649,0.922921875150089,1.11279695133851,1.06885471163342,0.92331014706159,0.633199069507949
1.4293777820981,0.941161504703785,1.12893668783052,1.07243434422523,0.941412201297528,0.658202968175609
1.4316894754697,0.964551235008218,1.14597661839785,1.08593661972868,0.964657781891381,0.686095092830537
1.43400116884131,0.991503178261981,1.1649755626477,1.10581859776621,0.991096074230265,0.715580904000695
1.43631286221292,1.01994177344103,1.1850867431119,1.12943236227577,1.01960802061523,0.746173083466036
1.43862455558452,1.04945131790109,1.2055534826112,1.15491040392687,1.04894591618436,0.777819516672953
1.44093624895613,1.07872928552539,1.22735485368991,1.18116858352969,1.07871329395155,0.809776451866689
1.44324794232774,1.1080172591703,1.24928682929805,1.20777970507991,1.10811464270277,0.841708773186009
1.44555963569935,1.13717050903411,1.27175370217014,1.23446104937013,1.13751675324963,0.873501231745792
1.44787132907095,1.16602196198732,1.2945979854156,1.26120884560904,1.16620358656032,0.90536823887499
1.45018302244256,1.19435504567429,1.31808203495745,1.28795413815494,1.19446649974278,0.937325164703831
1.45249471581417,1.22245580537371,1.34109080982225,1.31469214788438,1.22206523477448,0.969268734565394
1.45480640918578,1.2499220538848,1.36539249397469,1.34141746221259,1.24937237421557,1.00115865045817
1.45711810255738,1.27625085223939,1.39068961312142,1.36833200701382,1.27631133607875,1.03310819508568
1.45942979592899,1.30232395157069,1.41554404158491,1.39534691758223,1.30259069449787,1.06510958800856
1.4617414893006,1.32801172058547,1.44479204064613,1.42244535730065,1.32815938977371,1.09731163761401
1.46405318267221,1.35325333819987,1.49690243458636,1.44972908074261,1.35330219783402,1.12981948883215
1.46636487604381,1.37789072493208,1.55069045723356,1.47722862064058,1.3776423724791,1.16285858506849
1.46867656941542,1.40245786223013,1.59527296340287,1.50495673849319,1.40236956262025,1.19700820687164
1.47098826278703,1.42789339577929,1.63339322149705,1.53334657829712,1.42814705803588,1.23279490147626
1.47329995615864,1.45655259858299,1.62421316744501,1.56262813474826,1.45673854916805,1.27069893679419
1.47561164953024,1.48961029091201,1.45961119603437,1.5986531587998,1.48948423795654,1.31039853915324
1.47792334290185,1.52468129537265,1.35121323202758,1.65961230187466,1.52479630005887,1.35135084295441
1.48023503627346,1.55882509996516,1.29841034047983,1.72221030908118,1.55902952693667,1.39295277961348
1.48254672964507,1.5912007030293,1.27621537918943,1.77878470795731,1.59095543075367,1.43529850610765
1.48485842301667,1.6205811902822,1.27396687452931,1.83547623079818,1.62072435736767,1.47929070028382
1.48717011638828,1.64793846257476,1.29341877257274,1.87694569587925,1.64748620487695,1.53011109400063
1.48948180975989,NaN,NaN,NaN,NaN,NaN
