Time (s),PL (norm.),QFLS (eV),tau_diff(s)
1.0000000000023026,2.560000000350532e+34,1.4891686557616233,0.0
1.0000000000023026,2.5600000003490693e+34,1.4891686557616084,
1.0000000000023026,2.5600000003476064e+34,1.4891686557615937,
1.000000000002303,2.559999985715848e+34,1.4891686556138415,1.5539736381903186e-07
1.0000000000023035,2.5599999710840887e+34,1.4891686554660892,1.553973599123109e-07
1.000000000002304,2.5599999564523296e+34,1.489168655318337,1.5539735883204346e-07
1.0000000000023084,2.559999810134751e+34,1.4891686538408153,1.55397372026784e-07
1.0000000000023128,2.5599996638171896e+34,1.4891686523632934,1.5539738050162416e-07
1.0000000000023173,2.559999517499644e+34,1.489168650885772,1.5502761525075856e-07
1.0000000000023606,2.559998054325084e+34,1.4891686361105596,1.515125361756214e-07
1.0000000000024039,2.5599965911521526e+34,1.4891686213353552,1.5151261824658893e-07
1.0000000000024472,2.5599951279808504e+34,1.489168606560159,1.515127003290906e-07
1.0000000000028801,2.559980496357411e+34,1.4891684588086362,1.5151352097815759e-07
1.0000000000033131,2.5599658648968476e+34,1.4891683110579137,1.5151434162646248e-07
1.0000000000037461,2.559951233599157e+34,1.4891681633079914,1.515151622747174e-07
1.000000000004179,2.559936602464337e+34,1.4891680155588694,1.5151598290834448e-07
1.000000000008509,2.5597903000733773e+34,1.4891665381116612,1.5152418914138107e-07
1.0000000000128388,2.559644013966343e+34,1.489165060744467,1.5153239540942742e-07
1.0000000000171687,2.5594977441404254e+34,1.4891635834572772,1.5154060155810625e-07
1.0000000000214986,2.559351490592815e+34,1.4891621062500822,1.5154908851958664e-07
1.0000000000647982,2.557889849806045e+34,1.4891473385756682,1.5163395501891752e-07
1.0000000001080978,2.5564298337645573e+34,1.489132578889904,1.5171599839542717e-07
1.0000000001513973,2.5549714396697686e+34,1.4891178271829841,1.5179802976282505e-07
1.000000000194697,2.553514664729501e+34,1.4891030834451204,1.5188004911300457e-07
1.0000000002379965,2.5520595061580275e+34,1.4890883476665417,1.5196187107061526e-07
1.0000000006709913,2.537596212427912e+34,1.488941425503897,1.5277942768677104e-07
1.000000001103986,2.52329153836681e+34,1.4887952886472262,1.5359763804421634e-07
1.0000000015369808,2.5091428015869627e+34,1.4886499276018488,1.5441463289479863e-07
1.0000000019699755,2.4951473801479056e+34,1.4885053330360896,1.5523040618431285e-07
1.0000000024029703,2.4813027108531973e+34,1.4883614957775044,1.5604495187204358e-07
1.000000002835965,2.467606287613544e+34,1.4882184068093047,1.5684749700392981e-07
1.0000000062626762,2.364167012923983e+34,1.4871113940655696,1.6315630560514567e-07
1.0000000096893873,2.2687705022100623e+34,1.4860466510987116,1.6947283951908818e-07
1.0000000131160984,2.1804830743071517e+34,1.4850205832936327,1.7570627025138707e-07
1.0000000165428096,2.0985110403586173e+34,1.4840300148232373,1.818543954534949e-07
1.0000000199695207,2.0221753002410345e+34,1.483072125366434,1.8791522701671792e-07
1.0000000233962318,1.9508914586630735e+34,1.4821444005276714,1.9388710470460372e-07
1.000000026822943,1.8841538526300798e+34,1.481244589497264,1.9970582525563076e-07
1.0000000333720864,1.767702643742172e+34,1.479595345500944,2.1057696339706373e-07
1.0000000399212299,1.6637515770471688e+34,1.4780286269420269,2.2123501516243306e-07
1.0000000464703733,1.5703054412044664e+34,1.4765343127399986,2.3154693882568644e-07
1.0000000530195168,1.4857769472815393e+34,1.4751039170205094,2.415108859624747e-07
1.0000000595686602,1.4088878196208437e+34,1.4737302667584617,2.511274220071191e-07
1.0000000661178037,1.3385968909393317e+34,1.472407247641005,2.6039869855630987e-07
1.0000000726669471,1.274047484029099e+34,1.471129610023098,2.692414977687931e-07
1.000000083158054,1.1808741004666184e+34,1.4691663842458826,2.8272112730470384e-07
1.0000000936491609,1.098305311879751e+34,1.4672925341549194,2.9551180155825003e-07
1.0000001041402677,1.0245453977148025e+34,1.4654953890122413,3.074909825438458e-07
1.0000001146313746,9.581937102053473e+33,1.4637645529242815,3.1869270009754813e-07
1.0000001251224815,8.981413867006062e+33,1.4620914126592435,3.291532213128727e-07
1.0000001356135884,8.434982980896665e+33,1.4604687552690798,3.389094724759165e-07
1.0000001461046952,7.935412827106638e+33,1.4588904917552632,3.478957965546608e-07
1.0000001629327113,7.217430605599761e+33,1.4564388769881198,3.6103485641662224e-07
1.0000001797607274,6.585652167059378e+33,1.4540707793507108,3.728741643714846e-07
1.0000001965887435,6.02535752616334e+33,1.4517721976034537,3.8336770934043045e-07
1.0000002134167596,5.525161205300351e+33,1.449531836363205,3.926431980518064e-07
1.0000002302447757,5.076102068052584e+33,1.4473404789729496,4.008171701276268e-07
1.0000002470727918,4.671010112164098e+33,1.4451904949596097,4.079941899008257e-07
1.0000002639008079,4.304068586560732e+33,1.4430755060419136,4.1419112486558305e-07
1.000000289025896,3.8170655462312743e+33,1.4399713486607317,4.219679838919816e-07
1.0000003141509843,3.3918998555012275e+33,1.4369185587787696,4.2828437247267953e-07
1.0000003392760726,3.018692977943296e+33,1.4339052047840395,4.332193345180369e-07
1.0000003644011608,2.689634398781179e+33,1.4309215165958566,4.3695097847228885e-07
1.000000389526249,2.398444071091727e+33,1.4279593784750069,4.3963055572821945e-07
1.0000004146513373,2.1399948778192783e+33,1.4250119304906448,4.413874814599146e-07
1.0000004397764255,1.9100479118579102e+33,1.4220733152478284,4.4228834901552184e-07
1.0000004748706193,1.6299571023041986e+33,1.4179740024975551,4.42387282426441e-07
1.000000509964813,1.3907064380563932e+33,1.4138703669328962,4.413887248537485e-07
1.0000005450590068,1.1859205985516934e+33,1.4097524965809058,4.3941657421588844e-07
1.0000005801532006,1.0104038735470752e+33,1.405611961979913,4.366379897771869e-07
1.0000006152473944,8.598689417692393e+32,1.4014415385381134,4.331966282753776e-07
1.0000006503415881,7.307393077378119e+32,1.3972349807753859,4.292173272960164e-07
1.000000685435782,6.200047109131196e+32,1.3929868938111902,4.247867662209695e-07
1.000000731963812,4.972413952556495e+32,1.3872828328324591,4.1842270476157677e-07
1.000000778491842,3.9739572394232705e+32,1.3814885110292903,4.116940825504955e-07
1.0000008250198722,3.1640134904392827e+32,1.3755965234393763,4.0472658363102635e-07
1.0000008715479023,2.50907921917968e+32,1.3696010180437233,3.9765216985362265e-07
1.0000009180759324,1.9814202596825178e+32,1.3634975465225463,3.905776166448556e-07
1.0000009646039625,1.5580125646475795e+32,1.357282891712482,3.835881963538311e-07
1.0000010111319926,1.2197264262658715e+32,1.350954969692188,3.7674943105458877e-07
1.0000010691437646,8.93353664535368e+31,1.3429049856529482,3.6851627294660617e-07
1.0000011271555367,6.498246252052746e+31,1.334677128745352,3.606689754854946e-07
1.0000011851673087,4.694692815219931e+31,1.3262729776759083,3.5324509032221334e-07
1.0000012431790808,3.3690514424529494e+31,1.3176955784232403,3.462696330794248e-07
1.0000013011908528,2.4019924597588054e+31,1.3089493411098057,3.397523134783007e-07
1.000001359202625,1.7017246677870139e+31,1.3000396301356985,3.336931481167748e-07
1.0000014210751147,1.1704059745841206e+31,1.2903638187128517,3.277254201650356e-07
1.0000014829476045,7.996889068016663e+30,1.280517607913928,3.22254530021074e-07
1.0000015448200943,5.430007335063263e+30,1.2705103726350493,3.1727464829713567e-07
1.000001606692584,3.665640238397528e+30,1.2603525459733056,3.1276840798106734e-07
1.0000016564729217,2.661607301903042e+30,1.2520783434824392,3.095145561260157e-07
1.0000017062532593,1.926430184068043e+30,1.2437217092957007,3.066163223647338e-07
1.000001756033597,1.3902934297416187e+30,1.2352903069142165,3.040818700960671e-07
1.0000018058139346,1.0008409069593951e+30,1.2267937483138542,3.019711640234768e-07
1.0000018555942722,7.190025626427024e+29,1.2182440235416991,3.0032265658692065e-07
1.0000018956777197,5.502773204927335e+29,1.2113303661386738,2.994147758173306e-07
1.0000019357611671,4.2089119205974976e+29,1.2044010567448336,2.9897512044924174e-07
1.0000019758446146,3.218689053032974e+29,1.1974670426825202,2.9906948190758406e-07
1.000002015928062,2.4622986738440153e+29,1.1905421074007108,2.998326002518276e-07
1.0000020560115095,1.8855693115995288e+29,1.1836433664156665,3.014207689052423e-07
1.000002096094957,1.4465313499543157e+29,1.1767912672871246,3.040373154171412e-07
1.0000021361784044,1.1128015407715744e+29,1.1700108660943045,3.0795435336532194e-07
1.0000021762618518,8.594411769094071e+28,1.1633321661091867,3.135124935196936e-07
1.0000022163452993,6.672900836615606e+28,1.1567903760474862,3.211511851802341e-07
1.0000022564287467,5.216700546662859e+28,1.1504261299760672,3.3143180028253135e-07
1.0000022965121942,4.113579776423646e+28,1.144284669604722,3.450595547590665e-07
1.0000023365956416,3.2779220825637007e+28,1.1384143229040262,3.6291979539626337e-07
1.000002376679089,2.644561183491343e+28,1.1328639952499249,3.86107472603918e-07
1.0000024167625365,2.1639880013143287e+28,1.1276795169387916,4.1595394839861894e-07
1.000002456845984,1.798664981176241e+28,1.1228994575502895,4.5404748061058045e-07
1.0000024969294314,1.5201843636754081e+28,1.1185509808778566,5.022262481793468e-07
1.000002537012879,1.3070838344794128e+28,1.1146466256539962,5.625330598828447e-07
1.0000025770963263,1.1431761928879872e+28,1.1111829005005125,6.371100131367569e-07
1.0000026171797738,1.0162716048160914e+28,1.1081410163955203,7.280074735620525e-07
1.0000026572632212,9.172034753762173e+27,1.1054895677386243,8.369006350469675e-07
1.0000026973466687,8.390879116925469e+27,1.1031884705058908,9.647254330977894e-07
1.0000027374301161,7.767612627982787e+27,1.1011932273935574,1.1112853071153822e-06
1.0000027775135636,7.263541392689252e+27,1.0994587453186755,1.2749304753172284e-06
1.000002817597011,6.849694224756068e+27,1.0979422353744837,1.451739414581095e-06
1.000002862476343,6.466861206687821e+27,1.0964554628795735,1.6601590022548393e-06
1.000002907355675,6.147659260007465e+27,1.0951468992393496,1.8732395192608076e-06
1.0000029522350071,5.87589451356185e+27,1.0939780955160545,2.0822374549284238e-06
1.0000029971143392,5.639851489367473e+27,1.092918189714369,2.2802420590888563e-06
1.0000030419936712,5.431041900188218e+27,1.0919429157724947,2.462379559285294e-06
1.0000030868730032,5.243313941141952e+27,1.091033548318784,2.6259253899219486e-06
1.0000031330787298,5.067345069793961e+27,1.0901510803740366,2.774516974349422e-06
1.0000031792844564,4.9054129824760967e+27,1.089311498320437,2.904327745655244e-06
1.000003225490183,4.754920402807325e+27,1.0885059984929575,3.0173127973001733e-06
1.0000032716959095,4.613953786507206e+27,1.0877280174975776,3.116012402245675e-06
1.000003317901636,4.4810887321371925e+27,1.0869726743804957,3.2030190864726766e-06
1.0000033641073627,4.355251794708989e+27,1.0862363445408751,3.2802874146891664e-06
1.0000034222352436,4.2056768890603224e+27,1.085332925168573,3.3674550515476666e-06
1.0000034803631246,4.064683036163256e+27,1.0844514193347297,3.446846216500732e-06
1.0000035384910055,3.9313345319371487e+27,1.0835891121219408,3.5203289917982606e-06
1.0000035966188865,3.804891702463563e+27,1.0827440063582512,3.5895376273789447e-06
1.0000036547467674,3.684755450649912e+27,1.0819146191855182,3.6557005144527607e-06
1.0000037233777157,3.5503639355076654e+27,1.0809541499759285,3.73133686612416e-06
1.000003792008664,3.42339126223303e+27,1.080012696408703,3.8052066699836835e-06
1.0000038606396122,3.30324679546038e+27,1.0790891488894876,3.877892231018995e-06
1.0000039292705605,3.189421795356739e+27,1.0781826521086355,3.949880614238575e-06
1.000003996770574,3.083195019207147e+27,1.0773069949353957,4.020159157034424e-06
1.0000040642705876,2.9822501855290393e+27,1.0764464593034662,4.090055724889261e-06
1.0000041317706012,2.8862342345875224e+27,1.075600472610625,4.159711826913329e-06
1.0000041992706148,2.794825734996373e+27,1.0747685134037235,4.2291002485475025e-06
1.0000042842287946,2.6858724278282347e+27,1.0737405702567124,4.316238389988973e-06
1.0000043691869744,2.58321879895034e+27,1.0727331727128677,4.403345509401078e-06
1.0000044541451543,2.486384315547747e+27,1.071745492739442,4.490351390409601e-06
1.000004539103334,2.394933744021713e+27,1.0707767521874398,4.57719330509465e-06
1.000004632974216,2.29967552846443e+27,1.0697275240066393,4.673017730786586e-06
1.000004726845098,2.210025742936132e+27,1.068699588085563,4.768810538483064e-06
1.00000482071598,2.1255501936043855e+27,1.0676920846450846,4.86453390682758e-06
1.000004914586862,2.0458558030777483e+27,1.066704201710683,4.9601392751932874e-06
1.0000050130011267,1.967049402431223e+27,1.0656887348049326,5.06027223275468e-06
1.0000051114153914,1.8927343606495322e+27,1.06469315800338,5.160363652247498e-06
1.0000052098296561,1.8225742106071822e+27,1.0637166976934609,5.260396914550062e-06
1.0000053082439209,1.7562633176288838e+27,1.062758621732405,5.3603358630205434e-06
1.0000054099046272,1.6915117882084376e+27,1.061787509302631,5.463491974301754e-06
1.0000055115653335,1.6302923111167014e+27,1.060834554904186,5.566611093309715e-06
1.0000056132260398,1.572351610354627e+27,1.059899084999624,5.669681733866996e-06
1.000005714886746,1.5174586480092654e+27,1.058980460764968,5.772690713046891e-06
1.0000058165474524,1.4654023250508742e+27,1.0580780756650625,5.875639138186852e-06
1.0000059182081587,1.4159897019391926e+27,1.0571913577539143,5.9785419422606984e-06
1.000006019868865,1.3690441188564672e+27,1.0563197667369795,6.080909531001227e-06
1.0000061343673978,1.3189151052527837e+27,1.0553554400553404,6.19637024454306e-06
1.0000062488659307,1.2715027637842638e+27,1.054409034190929,6.3124313194916125e-06
1.0000063633644636,1.2266111367339936e+27,1.0534798384536137,6.427953012805758e-06
1.0000064870470278,1.1807440695984737e+27,1.052494646857077,6.552511456493143e-06
1.000006610729592,1.1374089291771938e+27,1.0515280262435232,6.6772550647768834e-06
1.0000067344121562,1.0964228715458565e+27,1.0505792981481434,6.8019441116519965e-06
1.0000068718937527,1.0534181201882276e+27,1.0495449294197572,6.940723908371993e-06
1.0000070093753493,1.0129036398192073e+27,1.048531075628779,7.079561005966459e-06
1.0000071468569458,9.746880525686027e+26,1.0475368745420834,7.218044147549379e-06
1.0000072677967624,9.428333481673386e+26,1.0466778992752561,7.339499522972879e-06
1.000007388736579,9.125160939712789e+26,1.0458329898620506,7.461141256904123e-06
1.0000075096763956,8.836423278107769e+26,1.0450017936547213,7.583425089945105e-06
1.0000076357045065,8.549938168732675e+26,1.0441497928543588,7.710928545304747e-06
1.0000077617326173,8.277208946850652e+26,1.043311749362865,7.837950267712442e-06
1.0000078877607281,8.01734387440092e+26,1.0424871373988138,7.96450272998122e-06
1.0000080097299493,7.77733899554303e+26,1.041701449738755,8.086965116811298e-06
1.0000081316991705,7.547967949926727e+26,1.040927577642661,8.209725080387591e-06
1.0000082536683916,7.328622313114745e+26,1.0401652100690832,8.332477065905485e-06
1.00000841285983,7.056465500792867e+26,1.0391869240183054,8.493809607632418e-06
1.0000084526576898,6.990804961902804e+26,1.0389452538721478,8.53350822221271e-06
1.0000084924555495,6.926048333175894e+26,1.0387046771188337,8.573024519240128e-06
1.0000085322534091,6.862191364269501e+26,1.038465229830161,8.613312713522444e-06
1.0000085869299715,6.775896888059874e+26,1.03813808305779,8.6685602373229e-06
1.000008641606534,6.691225274588944e+26,1.0378130136486425,8.723719608875715e-06
1.0000086962830963,6.608134843351305e+26,1.0374899907862898,8.778443343037071e-06
1.0000088307034984,6.410321230607954e+26,1.0367043256838073,8.913070255843804e-06
1.0000089651239006,6.221284331982247e+26,1.0359305273394455,9.048478599454019e-06
1.0000090995443027,6.040501641327767e+26,1.035168199238862,9.183403699369518e-06
1.0000092224326516,5.88203824310194e+26,1.034480983496506,9.30639636296717e-06
1.0000093453210004,5.7297287195193025e+26,1.03380277847589,9.429582926267224e-06
1.0000094682093492,5.5832692012640316e+26,1.0331334003720136,9.553248179499665e-06
1.0000096029971373,5.429009940917461e+26,1.0324091148817607,9.689074598578815e-06
1.0000097377849253,5.2810725695046235e+26,1.0316949145503915,9.82461819642764e-06
1.0000098725727133,5.1391064302465204e+26,1.0309904748739729,9.95967527909827e-06
1.0000099984085722,5.011673568486503e+26,1.030341374019048,1.0085610515697795e-05
1.000010124244431,4.888923478482883e+26,1.0297003267835165,1.0211842607516739e-05
1.0000102500802899,4.770636514300794e+26,1.0290671738919979,1.0338333851096131e-05
1.000010404317318,4.6314290372467934e+26,1.0283016154157778,1.0493602988023222e-05
1.000010558554346,4.498243355949042e+26,1.0275473216862803,1.0648738125958316e-05
1.000010712791374,4.370726327670833e+26,1.0268039050337003,1.0803071995132446e-05
1.0000108200684028,4.285199735977801e+26,1.0262930365581386,1.0909704219068395e-05
1.0000109273454316,4.2021508599726804e+26,1.025787115424659,1.1016929302181124e-05
1.0000110346224604,4.121500434007601e+26,1.0252861431141125,1.1126179280326031e-05
1.0000110841504635,4.0850528720356885e+26,1.0250565187920733,1.1176641592898048e-05
1.0000111336784665,4.04908827977514e+26,1.0248279201691457,1.1226469756405621e-05
1.0000111832064695,4.013596831640694e+26,1.024600329648321,1.127593940802104e-05
1.0000112778139612,3.9470856080807705e+26,1.0241683511936241,1.1370505236473587e-05
1.0000113724214528,3.882215847065188e+26,1.0237399639161149,1.1465417669523929e-05
1.0000114670289444,3.818933813781459e+26,1.0233151076969365,1.1559777659098357e-05
1.000011671301927,3.687463696304882e+26,1.0224094851045402,1.1765284446747874e-05
1.0000117223701726,3.655661029422343e+26,1.0221855652032439,1.181634034644799e-05
1.0000117734384182,3.624265133298747e+26,1.0219625903201541,1.1867072061767223e-05
1.0000118245066638,3.593273069728344e+26,1.0217405808933926,1.1918613997146434e-05
1.0000118746763083,3.563213123191715e+26,1.021523411677364,1.1969188306296234e-05
1.0000119248459527,3.533529540226299e+26,1.0213071561881581,1.2019611930611834e-05
1.0000119750155971,3.504215850321239e+26,1.0210918052375304,1.2069729690997598e-05
1.0000121064442196,3.429129276226246e+26,1.0205318622714492,1.2201057808358973e-05
1.000012237872842,3.3564341871340385e+26,1.0199779472846238,1.2332994205360479e-05
1.0000123693014644,3.286028531615149e+26,1.0194299201925492,1.246458841373829e-05
1.0000125139379679,3.2110780064542086e+26,1.0188334602236961,1.2609323614816697e-05
1.0000126585744713,3.138664225856208e+26,1.0182438143030774,1.2754247455708655e-05
1.0000128032109747,3.068674353527157e+26,1.0176608318068705,1.289908054201655e-05
1.0000129761727898,2.988010654691429e+26,1.0169722173001519,1.3072579796943808e-05
1.000013149134605,2.9104919359209715e+26,1.0162927052545272,1.3246431852058494e-05
1.00001332209642,2.8359553954398434e+26,1.0156220466483437,1.3419650247469484e-05
1.0000134283184108,2.7915880180403987e+26,1.0152144212412253,1.3524829097113475e-05
1.0000135345404015,2.7482476134477266e+26,1.014809927053075,1.3629466592878849e-05
1.0000137348174076,2.6692246982272583e+26,1.0140557132179884,1.3828502299821313e-05
1.0000139350944137,2.5935609668474876e+26,1.0133123358397411,1.4028858588349748e-05
1.0000141353714198,2.5210708808340586e+26,1.0125795101892558,1.423041279002169e-05
1.0000144841612457,2.4019261291977933e+26,1.0113279910345974,1.45833675527767e-05
1.0000148329510716,2.2910630456226497e+26,1.0101064008043419,1.4934498968498714e-05
1.0000151817408975,2.1877036125876428e+26,1.0089130279859877,1.528329451101825e-05
1.0000155305307235,2.0911818131509164e+26,1.00774655207327,1.5631928455928056e-05
1.0000158793205494,2.000909435866043e+26,1.0066058102130746,1.5980873755196596e-05
1.0000162281103753,1.9163599950943007e+26,1.0054897128221187,1.6330045897993744e-05
1.0000165769002012,1.837060395490853e+26,1.0043972271274109,1.6677834903923635e-05
1.0000171365065154,1.719745620215335e+26,1.0026913119268608,1.723509402573191e-05
1.0000176961128295,1.613314360866778e+26,1.0010398023738976,1.7794449417700167e-05
1.0000182557191437,1.51646645900221e+26,0.9994394253439828,1.8354825617753554e-05
1.0000188153254579,1.4280897546513472e+26,0.9978871964861493,1.891577046019044e-05
1.000019374931772,1.347224396764841e+26,0.996380309595412,1.947482737114686e-05
1.0000201071773172,1.2513887099742407e+26,0.9944726978436762,2.0205739470704495e-05
1.0000208394228622,1.165428164831561e+26,0.992633002130916,2.0938652220401045e-05
1.0000215716684073,1.0880312978371998e+26,0.9908565568644369,2.167169496617112e-05
1.0000223039139524,1.018097933703247e+26,0.9891391767304374,2.2404902251149462e-05
1.0000230361594975,9.546985828085067e+25,0.9874770679697533,2.3136279982421108e-05
1.0000239463439815,8.838224650035946e+25,0.9854829358011328,2.404583070998727e-05
1.0000248565284655,8.205602902969286e+25,0.9835630124513933,2.4957984163161348e-05
1.0000257667129495,7.63857712558298e+25,0.9817119294662984,2.5869323312146792e-05
1.0000266768974335,7.128362026034439e+25,0.9799248532599704,2.6779394825512266e-05
1.0000275870819175,6.667589417112164e+25,0.9781974095528643,2.768992893436393e-05
1.0000284972664015,6.250110175968913e+25,0.9765259020886954,2.8599262007222306e-05
1.0000295721336152,5.805686775412492e+25,0.9746191019271103,2.9672517017784887e-05
1.0000306470008289,5.407039682471674e+25,0.9727801608933428,3.074817715895394e-05
1.0000317218680426,5.048087715712907e+25,0.9710043975890694,3.182348735368997e-05
1.0000327967352562,4.7237270317106815e+25,0.9692875967966418,3.289881253751746e-05
1.00003387160247,4.4296556098041095e+25,0.9676259908688702,3.397149457289189e-05
1.0000352329250857,4.095029970962199e+25,0.9655954515775839,3.5331234653231515e-05
1.0000365942477014,3.7969597931206483e+25,0.9636418050587768,3.6695168064848774e-05
1.0000379555703172,3.5302950874736727e+25,0.9617593551326862,3.805825216816631e-05
1.000039316892933,3.290774363666851e+25,0.9599431012103579,3.941813402371792e-05
1.0000406782155487,3.0747995135620138e+25,0.9581882524601499,4.0795460836023345e-05
1.0000409123116925,3.0398159166208882e+25,0.9578924461767828,4.103399934020694e-05
1.0000411464078363,3.0054279648150503e+25,0.9575983397525654,4.1267373585630404e-05
1.00004138050398,2.971617105259785e+25,0.9573058695291661,4.149826689282315e-05
1.0000416146001239,2.9383715970696686e+25,0.9570150267743072,4.17290491216449e-05
1.0000420827924115,2.8735252584368012e+25,0.9564381368846163,4.219153843833208e-05
1.000042550984699,2.810797450578249e+25,0.9558675702676342,4.2657714970877893e-05
1.0000430191769867,2.75010021042223e+25,0.9553032201329652,4.312711872177809e-05
1.0000438125557494,2.6516592699062668e+25,0.954360905490643,4.392666547910299e-05
1.000044605934512,2.558424393101387e+25,0.9534355951566079,4.472343505335999e-05
1.0000453993132747,2.470021667821182e+25,0.952526553154357,4.551621083156344e-05
1.0000461926920374,2.3861205707681636e+25,0.9516331925383307,4.630755465959083e-05
1.00004730287585,2.275712498216478e+25,0.9504084842070886,4.741607196609123e-05
1.0000484130596627,2.1727946864070196e+25,0.9492121263849345,4.85267134591838e-05
1.0000495232434754,2.0767040416163683e+25,0.9480428295237014,4.9637117181924956e-05
1.000050633427288,1.986849481100935e+25,0.9468993924172594,5.074192208288091e-05
1.0000525094054906,1.8477359816740403e+25,0.9450228912594134,5.260546545852712e-05
1.0000543853836932,1.7227211268522991e+25,0.9432118734804611,5.44771894364889e-05
1.0000562613618957,1.6099722947323775e+25,0.9414620678750946,5.635380715989112e-05
1.0000581373400983,1.5079452055519804e+25,0.9397696277860924,5.823352914244611e-05
1.0000600133183009,1.4153233158130759e+25,0.9381309345415315,6.01085565961024e-05
1.0000622579848848,1.3152937456189051e+25,0.9362361085806846,6.234977808769021e-05
1.0000645026514687,1.2255052556814493e+25,0.9344082668662879,6.459450438773352e-05
1.0000667473180527,1.1446049474955313e+25,0.9326428074841638,6.684037584381553e-05
1.0000689919846366,1.071461101896431e+25,0.9309357025589294,6.908541266544272e-05
1.0000712366512206,1.0051078338548507e+25,0.9292830894989841,7.133404192505588e-05
1.0000734813178045,9.447408034906266e+24,0.9276818913745092,7.358489322261484e-05
1.0000752839293872,9.001097508023619e+24,0.926430860494333,7.538638756179807e-05
1.0000770865409698,8.585664488931008e+24,0.9252093329442292,7.719240189299371e-05
1.0000788891525525,8.198389708539044e+24,0.9240161507104264,7.89994241700045e-05
1.0000806917641352,7.836730777173946e+24,0.9228498569094022,8.079917791577414e-05
1.0000824943757178,7.498467399071734e+24,0.9217092306042768,8.260183345583346e-05
1.0000842969873005,7.181657120598339e+24,0.920593281718563,8.440727677027321e-05
1.0000860995988832,6.884511576313771e+24,0.9195009227992332,8.620922566789904e-05
1.0000879022104658,6.60542469861733e+24,0.9184311320570835,8.800875072468077e-05
1.0000901857027316,6.275609079188309e+24,0.9171070259804835,9.029238289070731e-05
1.0000924691949973,5.969906874638899e+24,0.9158160472992661,9.257986525461615e-05
1.000094752687263,5.68601765061243e+24,0.9145565552750541,9.486544762665195e-05
1.0000970361795287,5.421908718296481e+24,0.9133270247926334,9.71379904719009e-05
1.0001007979378977,5.025273655641529e+24,0.9113631759158543,0.00010087273506711414
1.0001045596962668,4.6705620906263605e+24,0.9094708701822536,0.00010462358616272282
1.0001083214546358,4.3521033143672006e+24,0.9076452679693067,0.00010838637447710598
1.0001120832130048,4.065154315814802e+24,0.9058820347380634,0.00011215675981430836
1.0001158449713738,3.8056945565005506e+24,0.9041770787755862,0.00011591962318696733
1.000120129867467,3.539312602609371e+24,0.9023011755163701,0.00012020041507230328
1.00012441476356,3.299948257554874e+24,0.9004909401267333,0.0001244852742421238
1.000128699659653,3.0840661311475454e+24,0.8987419160111503,0.00012877145277255493
1.000132984555746,2.8886982875573515e+24,0.8970501511469835,0.00013305814813649875
1.0001372694518391,2.7113215173035233e+24,0.8954119779215894,0.00013734239287281855
1.0001420580175184,2.5317707938432205e+24,0.8936407401885132,0.00014211929873061936
1.0001468465831977,2.3694555814693326e+24,0.8919278849804726,0.000147015181185747
1.0001475934820714,2.3455654449007502e+24,0.8916659182990692,0.00014776365789513068
1.000148340380945,2.3220292331048231e+24,0.891405210242788,0.00014847751631845657
1.0001490872798187,2.2988407313832027e+24,0.8911457565059259,0.00014920889892390234
1.0001498341786923,2.275997843076446e+24,0.8908875981453415,0.00014995069933609594
1.0001513279764394,2.231318359366695e+24,0.8903750771175536,0.00015142993338535733
1.0001528217741864,2.1879392411796336e+24,0.8898675576633627,0.000152917562087318
1.0001543155719335,2.145811953129047e+24,0.8893649599006169,0.00015441612921633275
1.0001565135341335,2.0860125511513966e+24,0.8886343165359927,0.00015663182923674577
1.0001587114963335,2.0286840837798567e+24,0.8879139260689957,0.0001588372681784298
1.0001609094585335,1.9736864262573057e+24,0.8872034301581438,0.0001610333004715903
1.0001631074207336,1.9208943487332095e+24,0.8865025528768322,0.00016322450238076636
1.000166766190244,1.8375987672333487e+24,0.8853565474733271,0.00016687553159285763
1.0001704249597545,1.759606705677777e+24,0.8842354056273243,0.00017053590421193404
1.000174083729265,1.6864766639211006e+24,0.8831380621390554,0.00017419511971853078
1.0001777424987754,1.6178124391581476e+24,0.882063522723416,0.00017783292820228289
1.0001846359681135,1.4993506917757546e+24,0.88009774163804,0.00018467456948781543
1.0001915294374515,1.393424316823075e+24,0.8782036934821423,0.00019155086809211481
1.0001984229067895,1.2983334287479422e+24,0.8763764726585337,0.00019844523444750904
1.0002053163761275,1.2126580649886618e+24,0.8746117084923629,0.00020535229595756798
1.0002122098454655,1.135196201624826e+24,0.8729053047317042,0.00021224671469588226
1.0002200452349235,1.0558349391330564e+24,0.871031788782099,0.00022007462605901106
1.0002278806243814,9.845133530486096e+23,0.8692237780331665,0.00022791053958478232
1.0002357160138393,9.201808381305186e+23,0.8674768386118126,0.00023574827293636682
1.0002435514032972,8.619544660241771e+23,0.86578701643396,0.0002435872736702778
1.0002513867927552,8.090846659072656e+23,0.8641506771120798,0.0002514137695122082
1.0002608577127412,7.514291450532846e+23,0.8622395993723058,0.0002608651689091512
1.0002703286327272,6.997200637303716e+23,0.8603965116390423,0.00027037661171728594
1.0002776322819302,6.634089550410407e+23,0.8590189449131223,0.00027780711970587827
1.0002788403416523,6.576769700887347e+23,0.858794616623742,0.0002789978600954783
1.0002800484013743,6.520176549072716e+23,0.8585712059682624,0.0002801732204523069
1.0002812564610963,6.464310606485175e+23,0.8583487559976062,0.00028138455534398594
1.0002824645208184,6.40916101680862e+23,0.858127264731528,0.00028259474672375314
1.0002836725805404,6.354713597559204e+23,0.8579067159068203,0.00028379974465569523
1.0002860886999845,6.247879952536934e+23,0.857468421566216,0.00028621221349015713
1.0002885048194285,6.143717476766348e+23,0.8570338097091843,0.0002886282697694963
1.0002909209388726,6.042138644949678e+23,0.8566028223122198,0.0002910451284051145
1.0002933370583167,5.943058482895052e+23,0.8561753984505462,0.0002934483533147651
1.0003019913708806,5.607475265992463e+23,0.8546728524936335,0.00030206569985841554
1.0003106456834445,5.29955138167864e+23,0.8532128292585505,0.00031073491900240066
1.0003192999960084,5.016317679411955e+23,0.8517929362639668,0.0003193941499322032
1.0003279543085724,4.7551967057663805e+23,0.8504109916652537,0.00032799851363120243
1.0003421690682748,4.368490044781373e+23,0.8482182932631968,0.00034208840219180454
1.0003563838279772,4.027019512348076e+23,0.8461142572455777,0.000356296446610273
1.0003681681768948,3.7734000111149025e+23,0.8444326478214498,0.000368132109211281
1.0003799525258124,3.5430280583938745e+23,0.8428041715861556,0.00037994912177472933
1.00039173687473,3.3331375444628676e+23,0.841225511008549,0.0003917483889674395
1.0004035212236475,3.141360712753744e+23,0.8396936321435178,0.0004035335697997203
1.000415305572565,2.965668531737048e+23,0.8382058147387247,0.0004152540230575723
1.0004330030495894,2.7282529767662993e+23,0.8360487811276572,0.00043285494173908
1.0004507005266137,2.5182409146918593e+23,0.8339780937685828,0.0004505545532660337
1.000468398003638,2.331575418155525e+23,0.831987142196357,0.00046827683162707363
1.0004860954806623,2.1649332757320046e+23,0.8300701705261251,0.0004859739913546457
1.0005037929576865,2.0155218443335673e+23,0.8282215293306996,0.0005037484313077537
1.0005179757899185,1.906693592612111e+23,0.8267866048689905,0.0005181036129220066
1.000528896508514,1.8288069868129142e+23,0.8257084422752612,0.0005289505451044333
1.0005398172271094,1.755557720625526e+23,0.8246517247821974,0.0005399662895641473
1.0005419961937543,1.741475719804796e+23,0.8244435278763942,0.0005421786705903227
1.0005441751603992,1.7275616452048182e+23,0.8242361535338791,0.0005443224196124371
1.000546354127044,1.713812713060014e+23,0.8240295933059439,0.0005464845436025603
1.000548533093689,1.700227369440336e+23,0.8238238566636632,0.0005486521179544994
1.0005528910269788,1.673535290375142e+23,0.8234147992384044,0.0005529715252770552
1.0005572489602685,1.647465825946112e+23,0.8230089363408283,0.0005573144706344337
1.0005616068935583,1.6220004569912833e+23,0.8226062292879698,0.0005616712146562908
1.0005706647580288,1.5709292789589886e+23,0.8217791809398177,0.0005707616245675324
1.0005797226224993,1.5222372017585057e+23,0.8209652300031728,0.0005798473689335689
1.0005887804869698,1.4757743980196435e+23,0.8201638948009369,0.0005889004232756259
1.0005978383514402,1.43140600844364e+23,0.8193747753512722,0.0005979321341244747
1.0006125679561528,1.3634150854738326e+23,0.8181167483424973,0.0006126337490509455
1.0006272975608654,1.3001567677358702e+23,0.8168886242894647,0.0006273712854914156
1.000642027165578,1.2412010334072156e+23,0.8156889992871528,0.0006421024373948294
1.0006567567702906,1.1861659924178312e+23,0.8145165727958096,0.0006567565892363605
1.0006815709744201,1.1013896030065254e+23,0.8125996282719957,0.000681394837293343
1.0007063851785496,1.0253757604330025e+23,0.81075093234277,0.000706142730416919
1.000731199382679,9.56964181078795e+22,0.8089659606673043,0.0007309636277982053
1.0007560135868085,8.951805455267373e+22,0.807240651028865,0.0007558302358355893
1.000780827790938,8.391960817606864e+22,0.8055711666485554,0.0007806417809537226
1.000809712379486,7.804002545637296e+22,0.8036934158482473,0.0008094888213311923
1.0008385969680338,7.275730234364212e+22,0.8018814529483791,0.0008383731509846216
1.0008674815565817,6.799330722411347e+22,0.8001308232357601,0.0008672647185026811
1.0008963661451296,6.368236770277962e+22,0.798437542536156,0.0008961637937412484
1.0009252507336774,5.976880022457012e+22,0.7967979704525249,0.0009249861492560266
1.0009620714365923,5.528193816292163e+22,0.7947806217539087,0.000961748418790803
1.0009988921395072,5.128216876983859e+22,0.7928391306043683,0.0009986277656609266
1.001035712842422,4.770141412919671e+22,0.7909679819544427,0.0010354744909540803
1.001072533545337,4.44829548554878e+22,0.7891621612560431,0.0010722800322786907
1.0011093542482519,4.15794577675411e+22,0.7874172229646297,0.001109085822237044
1.0011461749511668,3.895119655164184e+22,0.7857292366907187,0.0011457208189936065
1.0012024127317982,3.539329739846109e+22,0.7832530462077937,0.0012017181724811165
1.0012586505124297,3.2301647839920633e+22,0.7808901557800847,0.0012580283518900883
1.0013148882930611,2.95980955737395e+22,0.7786305657528195,0.0013142855496332268
1.0013711260736926,2.722021134195814e+22,0.7764655378041523,0.001370516630355391
1.001427363854324,2.5117731147767865e+22,0.774387485924662,0.0014267680254226997
1.0014836016349555,2.324976309174935e+22,0.7723897445674119,0.0014827098146443498
1.0015699491950862,2.0762992063664747e+22,0.7694654078896204,0.001568665745148889
1.001656296755217,1.8654996876151237e+22,0.7666978480398269,0.0016551384110158414
1.0017426443153477,1.6852425904724715e+22,0.7640708843571296,0.0017414822485907705
1.0018289918754784,1.529892941052612e+22,0.7615707885392323,0.0018277965458428733
1.001915339435609,1.395069394985235e+22,0.7591859407193589,0.0019141790796147423
1.0020016869957398,1.2773146838046964e+22,0.7569062912605602,0.0020003969040748976
1.002105620471958,1.1543447415464204e+22,0.7542894692057318,0.0021041778517593298
1.0022095539481763,1.0483154179841944e+22,0.751798768070024,0.002208162359088473
1.0023134874243946,9.56247431992275e+21,0.7494224642363554,0.002312075678387322
1.002417420900613,8.757931858477892e+21,0.7471505044879387,0.0024160347916572246
1.0025213543768312,8.05081798922675e+21,0.744974209926449,0.0025200256627563563
1.0026252878530495,7.426002527405137e+21,0.7428858109438589,0.002623782675265654
1.0027516842136257,6.759513741255859e+21,0.7404548671677926,0.002749976997192341
1.002878080574202,6.178879266147765e+21,0.7381330841820126,0.0028764132673275637
1.0030044769347781,5.669957107327304e+21,0.7359110523351069,0.003002829405552129
1.0031308732953543,5.221408646336738e+21,0.7337805594448928,0.00312926696830909
1.0032572696559305,4.824054800688185e+21,0.7317343907075187,0.003255731474103031
1.0033836660165067,4.4703930251678623e+21,0.7297661346150267,0.003381799411329312
1.003545271318278,4.072149537996981e+21,0.7273540985859882,0.0035430033212538133
1.0037068766200492,3.7248487946800563e+21,0.7250496178327539,0.0037047036299130715
1.0038684819218204,3.4201499120553584e+21,0.7228434450240099,0.0038663915385251284
1.0040300872235917,3.151367433132487e+21,0.7207275944531158,0.004027896522095738
1.0041916925253629,2.9130432728411354e+21,0.718694720116935,0.004192719543655086
1.0042180900061535,2.876710984607086e+21,0.7183702716964067,0.0042188857308251065
1.004244487486944,2.8410406628824323e+21,0.7180477234268555,0.004244454394815885
1.0042708849677346,2.806029440497393e+21,0.7177271725251679,0.004270842986171818
1.0042972824485252,2.771661548359075e+21,0.7174085978227289,0.004296983200827808
1.0043500774101062,2.704783451686905e+21,0.7167771839665814,0.004349029954382641
1.0044028723716871,2.640290787428303e+21,0.7161533270463548,0.004401546416170541
1.004455667333268,2.578075775202718e+21,0.7155368902854209,0.004454485083449172
1.0045448928372351,2.4778387449833697e+21,0.7145117277598019,0.004544488039973271
1.0046341183412022,2.3833526063626977e+21,0.7135066783163174,0.004634135494407772
1.0047233438451693,2.294169324755533e+21,0.7125207902864944,0.004723268259254289
1.0048125693491363,2.2098964126017556e+21,0.7115533118112237,0.0048122565640050805
1.0049290466741763,2.106695988113695e+21,0.7103169927900173,0.004928554538563372
1.0050455239992162,2.010559409582675e+21,0.7091095483864353,0.005045047460310157
1.0051620013242561,1.920856159154601e+21,0.707929657207316,0.0051615262218670166
1.005278478649296,1.8370245959003779e+21,0.7067760871579736,0.0052774250102487
1.0054740785828542,1.7080965932042774e+21,0.7048949732708772,0.005471693101648821
1.0056696785164123,1.592263785472521e+21,0.7030796416238629,0.005666801235757511
1.0058652784499704,1.4878206296889127e+21,0.7013257964658065,0.00586244397162889
1.0060608783835285,1.39333076666861e+21,0.6996295761515972,0.006058426020852254
1.0062564783170866,1.3075693753111958e+21,0.697987336037307,0.006253946601512503
1.0064881255916907,1.2158660634996373e+21,0.6961076234143577,0.006485239900886057
1.0067197728662947,1.1334809268892719e+21,0.6942938327669295,0.0067168883273561195
1.0069514201408987,1.059193185920812e+21,0.6925414996952026,0.006948589343235329
1.0071830674155027,9.919764870599043e+20,0.6908466215993253,0.007180362425531848
1.0074147146901067,9.309614406401743e+20,0.689205560175225,0.007411509755890917
1.0077101733157008,8.609775909480783e+20,0.6871853205021548,0.007706480396213471
1.0080056319412949,7.986013817479029e+20,0.6852411559141235,0.00800242040135141
1.008301090566889,7.427680729508947e+20,0.6833675251116901,0.008298090048528883
1.008596549192483,6.925908717966471e+20,0.6815593925755528,0.008593426462375398
1.0088920078180772,6.473299338211456e+20,0.6798122955586605,0.008888764545005088
1.0091874664436713,6.063644517557469e+20,0.678122289076396,0.009182705277653242
1.0096413063895056,5.5062286821928894e+20,0.6756294490795239,0.009634568937520181
1.0100951463353398,5.0223077547983294e+20,0.6732514052762832,0.010089004895090901
1.010548986281174,4.5994901743462593e+20,0.6709779630066356,0.010543004392590125
1.0110028262270083,4.2278912560641914e+20,0.6688002200152985,0.01099678535386224
1.0114566661728426,3.899563074825906e+20,0.6667104553442906,0.011450732128641521
1.0119105061186768,3.608047541509002e+20,0.6647018911720828,0.01190222307391202
1.0126030237575911,3.222454744749806e+20,0.6617801241222222,0.012591660297994344
1.0132955413965055,2.8955477551812988e+20,0.6590148656139713,0.01328517487577543
1.0139880590354198,2.615970122106518e+20,0.6563899734766134,0.01397765400711391
1.014680576674334,2.3749961033600244e+20,0.6538917531161818,0.014669903253431931
1.0153730943132484,2.1658399089918896e+20,0.6515086124549037,0.01536270506547077
1.0160656119521627,1.9831458886214146e+20,0.6492305236238294,0.016054179454347152
1.0168996395226932,1.7922430362259233e+20,0.6466139761865372,0.016886977570247628
1.0177336670932238,1.6276369084107643e+20,0.6441235240708778,0.01772140871406991
1.0185676946637543,1.4847030998218293e+20,0.6417474450719216,0.01855528790627742
1.0194017222342848,1.359798117366466e+20,0.6394756960588674,0.019389477959171446
1.0202357498048154,1.2500168765025645e+20,0.6372995797357234,0.020224111079548135
1.0210697773753459,1.1530137503819468e+20,0.6352113906185824,0.021056715678190892
1.0220834733452795,1.0495926935333913e+20,0.6327819914768484,0.02206857629842598
1.023097169315213,9.594870425135522e+19,0.6304616407183118,0.023093696950883903
1.023292992280754,9.434216174932525e+19,0.6300251329882179,0.023194180231264058
